pglib_opf_case588_sdet; original; no_gci; 1; 588; 686; 10765.659999999993; ((0, 9, 0), 90); 3208.632701644343; 10; 101; 0; 483; 64
pglib_opf_case588_sdet; original; no_gci; 1; 588; 686; 10765.659999999993; ((9, 65, 15), 78); 3162.1560574995074; 7; 108; 0; 470; 65
pglib_opf_case588_sdet; original; no_gci; 1; 588; 686; 10765.659999999993; ((1, 16, 1), 34); 2934.757390815281; 8; 103; 0; 510; 69
pglib_opf_case588_sdet; original; no_gci; 1; 588; 686; 10765.659999999993; ((2, 13, 2), 125); 2535.547163341167; 6; 90; 0; 524; 61
pglib_opf_case588_sdet; original; no_gci; 1; 588; 686; 10765.659999999993; ((2, 69, 3), 159); 2869.9145010783923; 6; 106; 0; 433; 69
pglib_opf_case588_sdet; original; no_gci; 1; 588; 686; 10765.659999999993; ((2, 1, 570), 34); 2934.757390815281; 8; 103; 0; 510; 69
pglib_opf_case588_sdet; original; no_gci; 1; 588; 686; 10765.659999999993; ((69, 76, 80), 43); 2894.224061954028; 6; 117; 0; 424; 80
pglib_opf_case588_sdet; original; no_gci; 1; 588; 686; 10765.659999999993; ((69, 80, 81), 73); 2535.547163341167; 6; 90; 0; 525; 60
pglib_opf_case588_sdet; original; no_gci; 1; 588; 686; 10765.659999999993; ((3, 4, 4), 126); 2924.21883130494; 8; 101; 0; 512; 69
pglib_opf_case588_sdet; original; no_gci; 1; 588; 686; 10765.659999999993; ((3, 64, 5), 148); 2897.1612255412565; 8; 117; 0; 494; 75
pglib_opf_case588_sdet; original; no_gci; 1; 588; 686; 10765.659999999993; ((3, 76, 6), 43); 2894.224061954028; 6; 117; 0; 425; 80
pglib_opf_case588_sdet; original; no_gci; 1; 588; 686; 10765.659999999993; ((4, 11, 7), 44); 2894.224061954028; 6; 117; 0; 426; 80
pglib_opf_case588_sdet; original; no_gci; 1; 588; 686; 10765.659999999993; ((4, 15, 8), 148); 2897.1612255412565; 8; 117; 0; 494; 75
pglib_opf_case588_sdet; original; no_gci; 1; 588; 686; 10765.659999999993; ((4, 67, 9), 10); 2894.224061954028; 6; 117; 0; 425; 80
pglib_opf_case588_sdet; original; no_gci; 1; 588; 686; 10765.659999999993; ((11, 68, 17), 44); 2894.224061954028; 6; 117; 0; 425; 80
pglib_opf_case588_sdet; original; no_gci; 1; 588; 686; 10765.659999999993; ((67, 78, 77), 27); 2721.241809422705; 6; 105; 0; 511; 70
pglib_opf_case588_sdet; original; no_gci; 1; 588; 686; 10765.659999999993; ((67, 66, 581), 17); 3200.6348137785135; 8; 118; 0; 499; 77
pglib_opf_case588_sdet; original; no_gci; 1; 588; 686; 10765.659999999993; ((6, 7, 10), 62); 2837.0076334291125; 8; 108; 0; 502; 67
pglib_opf_case588_sdet; original; no_gci; 1; 588; 686; 10765.659999999993; ((6, 9, 11), 103); 1621.4172502891524; 6; 59; 0; 519; 38
pglib_opf_case588_sdet; original; no_gci; 1; 588; 686; 10765.659999999993; ((6, 24, 574), 41); 1809.529041880698; 4; 65; 0; 546; 41
pglib_opf_case588_sdet; original; no_gci; 1; 588; 686; 10765.659999999993; ((7, 16, 12), 19); 2165.893166036927; 6; 89; 0; 521; 57
pglib_opf_case588_sdet; original; no_gci; 1; 588; 686; 10765.659999999993; ((7, 25, 575), 43); 2925.8148371100106; 7; 103; 0; 434; 67
pglib_opf_case588_sdet; original; no_gci; 1; 588; 686; 10765.659999999993; ((8, 9, 13), 10); 2814.6521968977577; 6; 106; 0; 513; 69
pglib_opf_case588_sdet; original; no_gci; 1; 588; 686; 10765.659999999993; ((8, 75, 14), 10); 2814.6521968977577; 6; 106; 0; 513; 69
pglib_opf_case588_sdet; original; no_gci; 1; 588; 686; 10765.659999999993; ((75, 74, 587), 32); 2736.398280032333; 8; 97; 0; 515; 57
pglib_opf_case588_sdet; original; no_gci; 1; 588; 686; 10765.659999999993; ((75, 97, 588), 0); 2869.9145010783923; 6; 107; 0; 432; 70
pglib_opf_case588_sdet; original; no_gci; 1; 588; 686; 10765.659999999993; ((65, 74, 75), 78); 3162.1560574995074; 7; 108; 0; 470; 65
pglib_opf_case588_sdet; original; no_gci; 1; 588; 686; 10765.659999999993; ((10, 74, 16), 28); 2789.8771975940763; 8; 113; 0; 471; 70
pglib_opf_case588_sdet; original; no_gci; 1; 588; 686; 10765.659999999993; ((10, 9, 576), 28); 2789.8771975940763; 8; 113; 0; 471; 70
pglib_opf_case588_sdet; original; no_gci; 1; 588; 686; 10765.659999999993; ((10, 32, 577), 0); 2869.9145010783923; 6; 107; 0; 432; 70
pglib_opf_case588_sdet; original; no_gci; 1; 588; 686; 10765.659999999993; ((68, 69, 78), 162); 2535.547163341167; 6; 91; 0; 524; 61
pglib_opf_case588_sdet; original; no_gci; 1; 588; 686; 10765.659999999993; ((68, 129, 79), 72); 2535.547163341167; 6; 90; 0; 525; 60
pglib_opf_case588_sdet; original; no_gci; 1; 588; 686; 10765.659999999993; ((12, 13, 18), 125); 2535.547163341167; 6; 90; 0; 524; 61
pglib_opf_case588_sdet; original; no_gci; 1; 588; 686; 10765.659999999993; ((12, 14, 19), 24); 2535.547163341167; 6; 90; 0; 525; 60
pglib_opf_case588_sdet; original; no_gci; 1; 588; 686; 10765.659999999993; ((12, 51, 578), 101); 100.96000000000095; 2; 2; 0; 584; 2
pglib_opf_case588_sdet; original; no_gci; 1; 588; 686; 10765.659999999993; ((14, 15, 20), 57); 2986.0901977430167; 8; 106; 0; 508; 71
pglib_opf_case588_sdet; original; no_gci; 1; 588; 686; 10765.659999999993; ((14, 64, 21), 148); 2897.1612255412565; 8; 117; 0; 494; 75
pglib_opf_case588_sdet; original; no_gci; 1; 588; 686; 10765.659999999993; ((14, 62, 579), 58); 3263.30668131575; 7; 113; 0; 461; 71
pglib_opf_case588_sdet; original; no_gci; 1; 588; 686; 10765.659999999993; ((14, 63, 580), 59); 3263.30668131575; 7; 113; 0; 461; 71
pglib_opf_case588_sdet; original; no_gci; 1; 588; 686; 10765.659999999993; ((17, 36, 22), 6); 3326.931599970656; 7; 121; 0; 490; 79
pglib_opf_case588_sdet; original; no_gci; 1; 588; 686; 10765.659999999993; ((17, 62, 23), 13); 3322.605322414631; 8; 113; 0; 424; 72
pglib_opf_case588_sdet; original; no_gci; 1; 588; 686; 10765.659999999993; ((36, 37, 57), 4); 3307.038409636795; 10; 115; 0; 422; 74
pglib_opf_case588_sdet; original; no_gci; 1; 588; 686; 10765.659999999993; ((62, 63, 74), 129); 2864.8512757760227; 6; 102; 0; 435; 64
pglib_opf_case588_sdet; original; no_gci; 1; 588; 686; 10765.659999999993; ((18, 19, 24), 20); 2713.0343327308246; 7; 110; 0; 507; 73
pglib_opf_case588_sdet; original; no_gci; 1; 588; 686; 10765.659999999993; ((18, 24, 25), 8); 2873.3911164114797; 6; 108; 0; 431; 70
pglib_opf_case588_sdet; original; no_gci; 1; 588; 686; 10765.659999999993; ((18, 27, 26), 55); 3266.986565740408; 8; 120; 0; 419; 78
pglib_opf_case588_sdet; original; no_gci; 1; 588; 686; 10765.659999999993; ((18, 62, 27), 32); 3494.644064750106; 8; 119; 0; 440; 74
pglib_opf_case588_sdet; original; no_gci; 1; 588; 686; 10765.659999999993; ((19, 41, 28), 28); 2869.9145010783923; 6; 107; 0; 433; 69
pglib_opf_case588_sdet; original; no_gci; 1; 588; 686; 10765.659999999993; ((19, 47, 29), 56); 2798.239782155836; 8; 117; 0; 462; 75
pglib_opf_case588_sdet; original; no_gci; 1; 588; 686; 10765.659999999993; ((24, 48, 38), 17); 3349.113658958091; 9; 122; 0; 418; 81
pglib_opf_case588_sdet; original; no_gci; 1; 588; 686; 10765.659999999993; ((24, 60, 39), 8); 3327.921457614588; 8; 123; 0; 417; 83
pglib_opf_case588_sdet; original; no_gci; 1; 588; 686; 10765.659999999993; ((24, 61, 40), 11); 3327.921457614588; 8; 123; 0; 417; 83
pglib_opf_case588_sdet; original; no_gci; 1; 588; 686; 10765.659999999993; ((27, 30, 47), 25); 3266.986565740408; 8; 120; 0; 419; 78
pglib_opf_case588_sdet; original; no_gci; 1; 588; 686; 10765.659999999993; ((27, 54, 48), 12); 2869.9145010783923; 6; 107; 0; 433; 69
pglib_opf_case588_sdet; original; no_gci; 1; 588; 686; 10765.659999999993; ((20, 24, 30), 12); 3098.249844744455; 8; 115; 0; 467; 74
pglib_opf_case588_sdet; original; no_gci; 1; 588; 686; 10765.659999999993; ((20, 39, 31), 2); 2732.7289560863965; 7; 109; 0; 509; 73
pglib_opf_case588_sdet; original; no_gci; 1; 588; 686; 10765.659999999993; ((39, 40, 61), 4); 2869.9145010783923; 6; 107; 0; 433; 69
pglib_opf_case588_sdet; original; no_gci; 1; 588; 686; 10765.659999999993; ((21, 36, 32), 12); 1662.005334843645; 5; 59; 0; 550; 36
pglib_opf_case588_sdet; original; no_gci; 1; 588; 686; 10765.659999999993; ((21, 50, 33), 16); 1665.6957903551447; 5; 59; 0; 549; 36
pglib_opf_case588_sdet; original; no_gci; 1; 588; 686; 10765.659999999993; ((50, 53, 69), 22); 1670.2605085203613; 5; 59; 0; 548; 36
pglib_opf_case588_sdet; original; no_gci; 1; 588; 686; 10765.659999999993; ((22, 38, 34), 15); 2732.7289560863965; 7; 109; 0; 509; 73
pglib_opf_case588_sdet; original; no_gci; 1; 588; 686; 10765.659999999993; ((22, 42, 35), 43); 2316.749320578234; 7; 94; 0; 438; 62
pglib_opf_case588_sdet; original; no_gci; 1; 588; 686; 10765.659999999993; ((22, 44, 36), 42); 2317.026500740947; 7; 94; 0; 438; 62
pglib_opf_case588_sdet; original; no_gci; 1; 588; 686; 10765.659999999993; ((22, 513, 37), 49); 2696.4491655754; 7; 94; 0; 507; 55
pglib_opf_case588_sdet; original; no_gci; 1; 588; 686; 10765.659999999993; ((38, 39, 59), 7); 2869.9145010783923; 6; 109; 0; 433; 71
pglib_opf_case588_sdet; original; no_gci; 1; 588; 686; 10765.659999999993; ((38, 40, 60), 5); 2869.9145010783923; 6; 107; 0; 433; 69
pglib_opf_case588_sdet; original; no_gci; 1; 588; 686; 10765.659999999993; ((513, 519, 509), 0); 2869.9145010783923; 6; 107; 0; 433; 70
pglib_opf_case588_sdet; original; no_gci; 1; 588; 686; 10765.659999999993; ((25, 34, 41), 10); 2991.420453122094; 8; 104; 0; 509; 70
pglib_opf_case588_sdet; original; no_gci; 1; 588; 686; 10765.659999999993; ((25, 118, 42), 1); 2898.4026363132816; 6; 109; 0; 427; 72
pglib_opf_case588_sdet; original; no_gci; 1; 588; 686; 10765.659999999993; ((26, 27, 43), 16); 2869.9145010783923; 6; 107; 0; 433; 69
pglib_opf_case588_sdet; original; no_gci; 1; 588; 686; 10765.659999999993; ((26, 31, 44), 13); 2869.9145010783923; 6; 107; 0; 433; 69
pglib_opf_case588_sdet; original; no_gci; 1; 588; 686; 10765.659999999993; ((26, 55, 45), 12); 2869.9145010783923; 6; 107; 0; 433; 69
pglib_opf_case588_sdet; original; no_gci; 1; 588; 686; 10765.659999999993; ((26, 60, 46), 9); 2869.9145010783923; 6; 107; 0; 433; 69
pglib_opf_case588_sdet; original; no_gci; 1; 588; 686; 10765.659999999993; ((31, 54, 53), 4); 2869.9145010783923; 6; 107; 0; 433; 69
pglib_opf_case588_sdet; original; no_gci; 1; 588; 686; 10765.659999999993; ((30, 45, 52), 9); 2869.9145010783923; 6; 107; 0; 433; 69
pglib_opf_case588_sdet; original; no_gci; 1; 588; 686; 10765.659999999993; ((28, 29, 49), 51); 3557.035911967795; 7; 104; 0; 434; 64
pglib_opf_case588_sdet; original; no_gci; 1; 588; 686; 10765.659999999993; ((28, 57, 50), 51); 3557.0531626201073; 7; 104; 0; 433; 64
pglib_opf_case588_sdet; original; no_gci; 1; 588; 686; 10765.659999999993; ((29, 63, 51), 51); 3557.0186612834104; 7; 104; 0; 435; 64
pglib_opf_case588_sdet; original; no_gci; 1; 588; 686; 10765.659999999993; ((45, 61, 64), 7); 2869.9145010783923; 6; 107; 0; 433; 69
pglib_opf_case588_sdet; original; no_gci; 1; 588; 686; 10765.659999999993; ((33, 61, 54), 4); 3262.7179335312157; 8; 119; 0; 420; 78
pglib_opf_case588_sdet; original; no_gci; 1; 588; 686; 10765.659999999993; ((35, 41, 55), 23); 2869.9145010783923; 6; 107; 0; 433; 69
pglib_opf_case588_sdet; original; no_gci; 1; 588; 686; 10765.659999999993; ((35, 55, 56), 12); 2869.9145010783923; 6; 107; 0; 433; 69
pglib_opf_case588_sdet; original; no_gci; 1; 588; 686; 10765.659999999993; ((37, 59, 58), 4); 3092.126537445213; 7; 109; 0; 505; 71
pglib_opf_case588_sdet; original; no_gci; 1; 588; 686; 10765.659999999993; ((43, 59, 62), 15); 3101.173254253208; 7; 101; 0; 519; 63
pglib_opf_case588_sdet; original; no_gci; 1; 588; 686; 10765.659999999993; ((43, 63, 63), 137); 1566.5696591713731; 4; 59; 0; 550; 36
pglib_opf_case588_sdet; original; no_gci; 1; 588; 686; 10765.659999999993; ((46, 47, 65), 65); 2798.352203649275; 8; 118; 0; 462; 76
pglib_opf_case588_sdet; original; no_gci; 1; 588; 686; 10765.659999999993; ((46, 57, 66), 77); 3055.567758308044; 7; 118; 0; 423; 77
pglib_opf_case588_sdet; original; no_gci; 1; 588; 686; 10765.659999999993; ((46, 58, 67), 8); 2869.9145010783923; 6; 107; 0; 433; 69
pglib_opf_case588_sdet; original; no_gci; 1; 588; 686; 10765.659999999993; ((58, 62, 73), 26); 3266.986565740408; 8; 120; 0; 419; 78
pglib_opf_case588_sdet; original; no_gci; 1; 588; 686; 10765.659999999993; ((49, 51, 68), 13); 2937.8764431387117; 8; 103; 0; 510; 69
pglib_opf_case588_sdet; original; no_gci; 1; 588; 686; 10765.659999999993; ((51, 52, 70), 69); 1280.4016877889662; 8; 45; 0; 560; 29
pglib_opf_case588_sdet; original; no_gci; 1; 588; 686; 10765.659999999993; ((51, 56, 71), 19); 2941.6108080126296; 8; 103; 0; 510; 69
pglib_opf_case588_sdet; original; no_gci; 1; 588; 686; 10765.659999999993; ((53, 431, 72), 31); 1678.5235187855633; 5; 59; 0; 547; 36
pglib_opf_case588_sdet; original; no_gci; 1; 588; 686; 10765.659999999993; ((431, 493, 413), 41); 1731.600942274732; 5; 60; 0; 546; 37
pglib_opf_case588_sdet; original; no_gci; 1; 588; 686; 10765.659999999993; ((66, 81, 76), 17); 3200.6348137785135; 8; 118; 0; 499; 77
pglib_opf_case588_sdet; original; no_gci; 1; 588; 686; 10765.659999999993; ((71, 72, 82), 77); 2649.347116066677; 8; 104; 0; 469; 64
pglib_opf_case588_sdet; original; no_gci; 1; 588; 686; 10765.659999999993; ((71, 74, 83), 97); 1448.752309954607; 5; 56; 0; 553; 35
pglib_opf_case588_sdet; original; no_gci; 1; 588; 686; 10765.659999999993; ((71, 89, 585), 21); 2924.451376713174; 8; 97; 0; 516; 67
pglib_opf_case588_sdet; original; no_gci; 1; 588; 686; 10765.659999999993; ((72, 81, 84), 36); 2097.222968825192; 6; 92; 0; 518; 59
pglib_opf_case588_sdet; original; no_gci; 1; 588; 686; 10765.659999999993; ((72, 90, 586), 41); 2938.8257462860465; 8; 105; 0; 437; 66
pglib_opf_case588_sdet; original; no_gci; 1; 588; 686; 10765.659999999993; ((73, 74, 85), 157); 1249.230861482105; 6; 47; 0; 527; 31
pglib_opf_case588_sdet; original; no_gci; 1; 588; 686; 10765.659999999993; ((73, 192, 86), 157); 1249.230861482105; 6; 47; 0; 527; 31
pglib_opf_case588_sdet; original; no_gci; 1; 588; 686; 10765.659999999993; ((77, 78, 87), 27); 2721.241809422705; 6; 105; 0; 511; 70
pglib_opf_case588_sdet; original; no_gci; 1; 588; 686; 10765.659999999993; ((77, 79, 88), 128); 3103.329452301773; 8; 112; 0; 500; 74
pglib_opf_case588_sdet; original; no_gci; 1; 588; 686; 10765.659999999993; ((77, 116, 589), 101); 100.96000000000095; 2; 3; 0; 584; 2
pglib_opf_case588_sdet; original; no_gci; 1; 588; 686; 10765.659999999993; ((79, 80, 89), 101); 3327.921457614588; 8; 123; 0; 417; 83
pglib_opf_case588_sdet; original; no_gci; 1; 588; 686; 10765.659999999993; ((79, 129, 90), 72); 2535.547163341167; 6; 90; 0; 525; 60
pglib_opf_case588_sdet; original; no_gci; 1; 588; 686; 10765.659999999993; ((79, 127, 590), 2); 2877.6667811441366; 6; 104; 0; 433; 66
pglib_opf_case588_sdet; original; no_gci; 1; 588; 686; 10765.659999999993; ((79, 128, 591), 3); 2877.6667811441366; 6; 104; 0; 433; 66
pglib_opf_case588_sdet; original; no_gci; 1; 588; 686; 10765.659999999993; ((82, 101, 91), 24); 2941.270989553006; 6; 103; 0; 430; 66
pglib_opf_case588_sdet; original; no_gci; 1; 588; 686; 10765.659999999993; ((82, 127, 92), 31); 2941.7381204127832; 6; 104; 0; 429; 67
pglib_opf_case588_sdet; original; no_gci; 1; 588; 686; 10765.659999999993; ((101, 102, 125), 8); 3302.2982462149257; 7; 102; 0; 509; 64
pglib_opf_case588_sdet; original; no_gci; 1; 588; 686; 10765.659999999993; ((127, 128, 142), 98); 3266.986565740408; 8; 120; 0; 419; 78
pglib_opf_case588_sdet; original; no_gci; 1; 588; 686; 10765.659999999993; ((83, 84, 93), 26); 3327.921457614588; 8; 123; 0; 417; 83
pglib_opf_case588_sdet; original; no_gci; 1; 588; 686; 10765.659999999993; ((83, 89, 94), 17); 3327.921457614588; 8; 123; 0; 417; 83
pglib_opf_case588_sdet; original; no_gci; 1; 588; 686; 10765.659999999993; ((83, 92, 95), 28); 2869.9145010783923; 6; 107; 0; 433; 69
pglib_opf_case588_sdet; original; no_gci; 1; 588; 686; 10765.659999999993; ((83, 127, 96), 26); 3266.986565740408; 8; 119; 0; 419; 77
pglib_opf_case588_sdet; original; no_gci; 1; 588; 686; 10765.659999999993; ((84, 106, 97), 16); 2869.9145010783923; 6; 107; 0; 433; 69
pglib_opf_case588_sdet; original; no_gci; 1; 588; 686; 10765.659999999993; ((84, 112, 98), 2); 2869.9145010783923; 6; 107; 0; 433; 69
pglib_opf_case588_sdet; original; no_gci; 1; 588; 686; 10765.659999999993; ((89, 113, 106), 128); 1743.6643482212367; 4; 61; 0; 548; 38
pglib_opf_case588_sdet; original; no_gci; 1; 588; 686; 10765.659999999993; ((89, 125, 107), 28); 3327.921457614588; 8; 123; 0; 417; 83
pglib_opf_case588_sdet; original; no_gci; 1; 588; 686; 10765.659999999993; ((89, 126, 108), 30); 3327.921457614588; 8; 123; 0; 417; 83
pglib_opf_case588_sdet; original; no_gci; 1; 588; 686; 10765.659999999993; ((92, 95, 115), 6); 2869.9145010783923; 6; 107; 0; 433; 69
pglib_opf_case588_sdet; original; no_gci; 1; 588; 686; 10765.659999999993; ((92, 119, 116), 12); 2869.9145010783923; 6; 107; 0; 433; 69
pglib_opf_case588_sdet; original; no_gci; 1; 588; 686; 10765.659999999993; ((85, 89, 99), 73); 2535.9696446627186; 6; 88; 0; 528; 59
pglib_opf_case588_sdet; original; no_gci; 1; 588; 686; 10765.659999999993; ((85, 104, 100), 59); 2535.9696446627186; 6; 88; 0; 528; 59
pglib_opf_case588_sdet; original; no_gci; 1; 588; 686; 10765.659999999993; ((104, 105, 129), 9); 2869.9145010783923; 6; 107; 0; 433; 69
pglib_opf_case588_sdet; original; no_gci; 1; 588; 686; 10765.659999999993; ((86, 101, 101), 18); 3235.7025628473793; 8; 120; 0; 413; 79
pglib_opf_case588_sdet; original; no_gci; 1; 588; 686; 10765.659999999993; ((86, 115, 102), 14); 3235.414582352012; 8; 119; 0; 414; 78
pglib_opf_case588_sdet; original; no_gci; 1; 588; 686; 10765.659999999993; ((115, 118, 138), 8); 3230.9308371944317; 8; 119; 0; 414; 78
pglib_opf_case588_sdet; original; no_gci; 1; 588; 686; 10765.659999999993; ((87, 103, 103), 46); 2535.9696446627186; 6; 88; 0; 528; 59
pglib_opf_case588_sdet; original; no_gci; 1; 588; 686; 10765.659999999993; ((87, 107, 104), 20); 1619.421460824933; 5; 59; 0; 549; 37
pglib_opf_case588_sdet; original; no_gci; 1; 588; 686; 10765.659999999993; ((87, 109, 105), 42); 1549.709996708234; 7; 68; 0; 487; 43
pglib_opf_case588_sdet; original; no_gci; 1; 588; 686; 10765.659999999993; ((103, 104, 127), 48); 2869.9145010783923; 6; 109; 0; 433; 71
pglib_opf_case588_sdet; original; no_gci; 1; 588; 686; 10765.659999999993; ((103, 105, 128), 0); 2869.9145010783923; 6; 107; 0; 433; 69
pglib_opf_case588_sdet; original; no_gci; 1; 588; 686; 10765.659999999993; ((107, 221, 130), 63); 1659.6508023092501; 5; 61; 0; 547; 39
pglib_opf_case588_sdet; original; no_gci; 1; 588; 686; 10765.659999999993; ((90, 99, 109), 10); 3267.2557386804183; 8; 119; 0; 419; 78
pglib_opf_case588_sdet; original; no_gci; 1; 588; 686; 10765.659999999993; ((90, 479, 110), 27); 3009.870785834528; 8; 111; 0; 434; 71
pglib_opf_case588_sdet; original; no_gci; 1; 588; 686; 10765.659999999993; ((479, 489, 484), 1); 2870.131909699807; 6; 106; 0; 434; 69
pglib_opf_case588_sdet; original; no_gci; 1; 588; 686; 10765.659999999993; ((479, 495, 485), 31); 2328.243218062087; 6; 74; 0; 535; 45
pglib_opf_case588_sdet; original; no_gci; 1; 588; 686; 10765.659999999993; ((479, 527, 486), 6); 3156.538076498736; 7; 114; 0; 456; 70
pglib_opf_case588_sdet; original; no_gci; 1; 588; 686; 10765.659999999993; ((479, 529, 487), 9); 3156.538076498736; 7; 119; 0; 456; 74
pglib_opf_case588_sdet; original; no_gci; 1; 588; 686; 10765.659999999993; ((91, 92, 111), 8); 2869.9145010783923; 6; 107; 0; 433; 69
pglib_opf_case588_sdet; original; no_gci; 1; 588; 686; 10765.659999999993; ((91, 96, 112), 13); 2869.9145010783923; 6; 107; 0; 433; 69
pglib_opf_case588_sdet; original; no_gci; 1; 588; 686; 10765.659999999993; ((91, 120, 113), 0); 2869.9145010783923; 6; 107; 0; 433; 69
pglib_opf_case588_sdet; original; no_gci; 1; 588; 686; 10765.659999999993; ((91, 125, 114), 11); 3327.921457614588; 8; 123; 0; 417; 83
pglib_opf_case588_sdet; original; no_gci; 1; 588; 686; 10765.659999999993; ((96, 119, 121), 3); 2869.9145010783923; 6; 107; 0; 433; 69
pglib_opf_case588_sdet; original; no_gci; 1; 588; 686; 10765.659999999993; ((95, 110, 120), 10); 3327.921457614588; 8; 123; 0; 417; 83
pglib_opf_case588_sdet; original; no_gci; 1; 588; 686; 10765.659999999993; ((93, 94, 117), 36); 2869.9145010783923; 6; 107; 0; 433; 69
pglib_opf_case588_sdet; original; no_gci; 1; 588; 686; 10765.659999999993; ((93, 122, 118), 36); 2869.9145010783923; 6; 107; 0; 433; 69
pglib_opf_case588_sdet; original; no_gci; 1; 588; 686; 10765.659999999993; ((94, 128, 119), 36); 2869.9145010783923; 6; 107; 0; 433; 69
pglib_opf_case588_sdet; original; no_gci; 1; 588; 686; 10765.659999999993; ((110, 126, 133), 26); 3327.921457614588; 8; 123; 0; 417; 83
pglib_opf_case588_sdet; original; no_gci; 1; 588; 686; 10765.659999999993; ((98, 126, 122), 4); 3264.6798872552545; 8; 119; 0; 419; 78
pglib_opf_case588_sdet; original; no_gci; 1; 588; 686; 10765.659999999993; ((100, 106, 123), 11); 2869.9145010783923; 6; 107; 0; 433; 69
pglib_opf_case588_sdet; original; no_gci; 1; 588; 686; 10765.659999999993; ((100, 120, 124), 0); 2869.9145010783923; 6; 107; 0; 433; 69
pglib_opf_case588_sdet; original; no_gci; 1; 588; 686; 10765.659999999993; ((102, 124, 126), 16); 3315.8820192168023; 7; 102; 0; 508; 64
pglib_opf_case588_sdet; original; no_gci; 1; 588; 686; 10765.659999999993; ((221, 222, 245), 75); 1669.7206560661252; 5; 62; 0; 547; 39
pglib_opf_case588_sdet; original; no_gci; 1; 588; 686; 10765.659999999993; ((108, 124, 131), 27); 3336.6447579382175; 7; 102; 0; 507; 64
pglib_opf_case588_sdet; original; no_gci; 1; 588; 686; 10765.659999999993; ((108, 128, 132), 137); 2910.874377666768; 7; 85; 0; 527; 54
pglib_opf_case588_sdet; original; no_gci; 1; 588; 686; 10765.659999999993; ((111, 112, 134), 6); 2869.9145010783923; 6; 107; 0; 433; 69
pglib_opf_case588_sdet; original; no_gci; 1; 588; 686; 10765.659999999993; ((111, 122, 135), 6); 2869.9145010783923; 6; 107; 0; 433; 69
pglib_opf_case588_sdet; original; no_gci; 1; 588; 686; 10765.659999999993; ((111, 123, 136), 21); 2869.9145010783923; 6; 107; 0; 433; 69
pglib_opf_case588_sdet; original; no_gci; 1; 588; 686; 10765.659999999993; ((123, 127, 141), 40); 3266.986565740408; 8; 120; 0; 419; 78
pglib_opf_case588_sdet; original; no_gci; 1; 588; 686; 10765.659999999993; ((114, 116, 137), 13); 3269.9722194501646; 8; 119; 0; 419; 78
pglib_opf_case588_sdet; original; no_gci; 1; 588; 686; 10765.659999999993; ((116, 117, 139), 69); 1624.8299604921485; 9; 61; 0; 466; 38
pglib_opf_case588_sdet; original; no_gci; 1; 588; 686; 10765.659999999993; ((116, 121, 140), 19); 3275.1058624705693; 8; 119; 0; 419; 78
pglib_opf_case588_sdet; original; no_gci; 1; 588; 686; 10765.659999999993; ((130, 131, 143), 53); 3400.7261203451626; 9; 116; 0; 424; 76
pglib_opf_case588_sdet; original; no_gci; 1; 588; 686; 10765.659999999993; ((130, 145, 593), 78); 3389.593375381659; 7; 101; 0; 444; 63
pglib_opf_case588_sdet; original; no_gci; 1; 588; 686; 10765.659999999993; ((131, 189, 144), 131); 2045.0047052458958; 7; 76; 0; 541; 49
pglib_opf_case588_sdet; original; no_gci; 1; 588; 686; 10765.659999999993; ((131, 147, 594), 78); 3389.593375381659; 7; 101; 0; 444; 63
pglib_opf_case588_sdet; original; no_gci; 1; 588; 686; 10765.659999999993; ((189, 190, 216), 299); 3604.065569980162; 7; 138; 0; 429; 94
pglib_opf_case588_sdet; original; no_gci; 1; 588; 686; 10765.659999999993; ((189, 192, 217), 189); 1220.125163182598; 6; 50; 0; 527; 33
pglib_opf_case588_sdet; original; no_gci; 1; 588; 686; 10765.659999999993; ((132, 187, 145), 182); 2132.735291113624; 6; 111; 0; 468; 71
pglib_opf_case588_sdet; original; no_gci; 1; 588; 686; 10765.659999999993; ((132, 130, 592), 65); 3013.2814290111382; 7; 110; 0; 475; 67
pglib_opf_case588_sdet; original; no_gci; 1; 588; 686; 10765.659999999993; ((187, 186, 601), 182); 2132.735291113624; 6; 111; 0; 468; 71
pglib_opf_case588_sdet; original; no_gci; 1; 588; 686; 10765.659999999993; ((187, 210, 602), 0); 2869.9145010783923; 6; 107; 0; 432; 70
pglib_opf_case588_sdet; original; no_gci; 1; 588; 686; 10765.659999999993; ((134, 543, 146), 122); 3310.559731727234; 8; 110; 0; 500; 75
pglib_opf_case588_sdet; original; no_gci; 1; 588; 686; 10765.659999999993; ((134, 166, 598), 122); 3310.559731727234; 8; 110; 0; 500; 75
pglib_opf_case588_sdet; original; no_gci; 1; 588; 686; 10765.659999999993; ((543, 546, 533), 451); 3687.99304493853; 6; 127; 0; 433; 77
pglib_opf_case588_sdet; original; no_gci; 1; 588; 686; 10765.659999999993; ((135, 136, 147), 14); 3383.6040973745594; 9; 113; 0; 425; 75
pglib_opf_case588_sdet; original; no_gci; 1; 588; 686; 10765.659999999993; ((135, 138, 148), 6); 2888.6740372585164; 7; 112; 0; 421; 73
pglib_opf_case588_sdet; original; no_gci; 1; 588; 686; 10765.659999999993; ((136, 137, 149), 19); 3310.807327409455; 10; 117; 0; 419; 78
pglib_opf_case588_sdet; original; no_gci; 1; 588; 686; 10765.659999999993; ((138, 139, 151), 2); 3458.065442090836; 8; 122; 0; 416; 79
pglib_opf_case588_sdet; original; no_gci; 1; 588; 686; 10765.659999999993; ((138, 165, 152), 18); 2891.5518733268846; 7; 115; 0; 419; 75
pglib_opf_case588_sdet; original; no_gci; 1; 588; 686; 10765.659999999993; ((138, 172, 153), 26); 3083.9311644325935; 8; 118; 0; 417; 79
pglib_opf_case588_sdet; original; no_gci; 1; 588; 686; 10765.659999999993; ((137, 564, 150), 8); 2888.6740372585164; 7; 112; 0; 421; 73
pglib_opf_case588_sdet; original; no_gci; 1; 588; 686; 10765.659999999993; ((564, 576, 552), 13); 3383.6040973745594; 9; 113; 0; 425; 75
pglib_opf_case588_sdet; original; no_gci; 1; 588; 686; 10765.659999999993; ((139, 150, 154), 12); 3222.68415588838; 9; 117; 0; 421; 77
pglib_opf_case588_sdet; original; no_gci; 1; 588; 686; 10765.659999999993; ((140, 147, 155), 35); 1990.1850220815795; 8; 97; 0; 434; 64
pglib_opf_case588_sdet; original; no_gci; 1; 588; 686; 10765.659999999993; ((140, 456, 156), 9); 2867.7514381320552; 6; 108; 0; 430; 70
pglib_opf_case588_sdet; original; no_gci; 1; 588; 686; 10765.659999999993; ((147, 160, 172), 14); 3035.292795454312; 8; 117; 0; 420; 77
pglib_opf_case588_sdet; original; no_gci; 1; 588; 686; 10765.659999999993; ((147, 176, 173), 27); 2869.9145010783923; 6; 106; 0; 434; 68
pglib_opf_case588_sdet; original; no_gci; 1; 588; 686; 10765.659999999993; ((456, 490, 455), 7); 2869.603740903236; 6; 109; 0; 430; 70
pglib_opf_case588_sdet; original; no_gci; 1; 588; 686; 10765.659999999993; ((141, 171, 157), 38); 3225.560644017529; 9; 121; 0; 412; 79
pglib_opf_case588_sdet; original; no_gci; 1; 588; 686; 10765.659999999993; ((141, 576, 158), 51); 3012.7272948077607; 8; 117; 0; 415; 76
pglib_opf_case588_sdet; original; no_gci; 1; 588; 686; 10765.659999999993; ((576, 583, 563), 84); 3381.0152607806212; 9; 111; 0; 428; 73
pglib_opf_case588_sdet; original; no_gci; 1; 588; 686; 10765.659999999993; ((142, 166, 159), 51); 2875.4833478625196; 6; 106; 0; 433; 69
pglib_opf_case588_sdet; original; no_gci; 1; 588; 686; 10765.659999999993; ((142, 168, 160), 46); 3733.432027892143; 7; 120; 0; 418; 77
pglib_opf_case588_sdet; original; no_gci; 1; 588; 686; 10765.659999999993; ((166, 167, 197), 41); 3281.4178002548906; 6; 114; 0; 419; 74
pglib_opf_case588_sdet; original; no_gci; 1; 588; 686; 10765.659999999993; ((166, 568, 198), 200); 1715.6871623125626; 6; 68; 0; 461; 43
pglib_opf_case588_sdet; original; no_gci; 1; 588; 686; 10765.659999999993; ((143, 144, 161), 13); 2869.9145010783923; 6; 106; 0; 434; 68
pglib_opf_case588_sdet; original; no_gci; 1; 588; 686; 10765.659999999993; ((143, 176, 162), 23); 2869.9145010783923; 6; 106; 0; 434; 68
pglib_opf_case588_sdet; original; no_gci; 1; 588; 686; 10765.659999999993; ((144, 174, 163), 3); 2869.9145010783923; 6; 107; 0; 433; 69
pglib_opf_case588_sdet; original; no_gci; 1; 588; 686; 10765.659999999993; ((174, 178, 201), 44); 3258.0781918910334; 9; 124; 0; 409; 84
pglib_opf_case588_sdet; original; no_gci; 1; 588; 686; 10765.659999999993; ((174, 179, 202), 27); 3058.061131043467; 8; 117; 0; 417; 78
pglib_opf_case588_sdet; original; no_gci; 1; 588; 686; 10765.659999999993; ((145, 146, 164), 34); 3085.8256317021705; 8; 136; 0; 397; 89
pglib_opf_case588_sdet; original; no_gci; 1; 588; 686; 10765.659999999993; ((145, 150, 165), 20); 3225.620630674616; 9; 117; 0; 421; 77
pglib_opf_case588_sdet; original; no_gci; 1; 588; 686; 10765.659999999993; ((145, 153, 166), 62); 2034.248351806149; 6; 85; 0; 446; 55
pglib_opf_case588_sdet; original; no_gci; 1; 588; 686; 10765.659999999993; ((145, 173, 167), 30); 2869.9145010783923; 6; 106; 0; 434; 68
pglib_opf_case588_sdet; original; no_gci; 1; 588; 686; 10765.659999999993; ((146, 147, 168), 2); 3085.8256317021705; 8; 119; 0; 418; 77
pglib_opf_case588_sdet; original; no_gci; 1; 588; 686; 10765.659999999993; ((146, 154, 169), 62); 2022.0407160165232; 6; 83; 0; 448; 53
pglib_opf_case588_sdet; original; no_gci; 1; 588; 686; 10765.659999999993; ((146, 156, 170), 29); 3450.630101656583; 9; 118; 0; 425; 77
pglib_opf_case588_sdet; original; no_gci; 1; 588; 686; 10765.659999999993; ((146, 174, 171), 54); 2869.9145010783923; 6; 106; 0; 434; 68
pglib_opf_case588_sdet; original; no_gci; 1; 588; 686; 10765.659999999993; ((156, 169, 184), 24); 3448.5551094804305; 9; 118; 0; 425; 77
pglib_opf_case588_sdet; original; no_gci; 1; 588; 686; 10765.659999999993; ((149, 157, 174), 7); 3129.562386882144; 8; 115; 0; 422; 76
pglib_opf_case588_sdet; original; no_gci; 1; 588; 686; 10765.659999999993; ((149, 165, 175), 6); 2869.9145010783923; 6; 107; 0; 433; 69
pglib_opf_case588_sdet; original; no_gci; 1; 588; 686; 10765.659999999993; ((149, 169, 176), 24); 3448.5145848576312; 9; 118; 0; 425; 77
pglib_opf_case588_sdet; original; no_gci; 1; 588; 686; 10765.659999999993; ((149, 175, 177), 19); 3086.6444304656543; 8; 119; 0; 418; 77
pglib_opf_case588_sdet; original; no_gci; 1; 588; 686; 10765.659999999993; ((157, 168, 185), 22); 3143.210190803733; 8; 115; 0; 422; 76
pglib_opf_case588_sdet; original; no_gci; 1; 588; 686; 10765.659999999993; ((151, 175, 178), 0); 2869.916369493726; 6; 107; 0; 432; 70
pglib_opf_case588_sdet; original; no_gci; 1; 588; 686; 10765.659999999993; ((152, 153, 179), 1); 2877.7481046989506; 6; 117; 0; 421; 77
pglib_opf_case588_sdet; original; no_gci; 1; 588; 686; 10765.659999999993; ((152, 154, 180), 62); 2022.0407160165232; 6; 83; 0; 448; 53
pglib_opf_case588_sdet; original; no_gci; 1; 588; 686; 10765.659999999993; ((152, 155, 181), 7); 3458.065442090836; 8; 122; 0; 416; 79
pglib_opf_case588_sdet; original; no_gci; 1; 588; 686; 10765.659999999993; ((152, 177, 182), 19); 3187.931672922743; 9; 125; 0; 409; 83
pglib_opf_case588_sdet; original; no_gci; 1; 588; 686; 10765.659999999993; ((155, 162, 183), 1); 3458.065442090836; 8; 122; 0; 416; 79
pglib_opf_case588_sdet; original; no_gci; 1; 588; 686; 10765.659999999993; ((162, 175, 192), 13); 3086.6444304656543; 8; 119; 0; 418; 77
pglib_opf_case588_sdet; original; no_gci; 1; 588; 686; 10765.659999999993; ((158, 170, 186), 39); 3744.3848098339686; 7; 121; 0; 417; 79
pglib_opf_case588_sdet; original; no_gci; 1; 588; 686; 10765.659999999993; ((158, 259, 187), 53); 3757.4971645225687; 7; 120; 0; 418; 78
pglib_opf_case588_sdet; original; no_gci; 1; 588; 686; 10765.659999999993; ((170, 172, 200), 39); 3744.2497809747347; 7; 121; 0; 417; 79
pglib_opf_case588_sdet; original; no_gci; 1; 588; 686; 10765.659999999993; ((159, 166, 188), 39); 2787.470017074511; 6; 107; 0; 431; 70
pglib_opf_case588_sdet; original; no_gci; 1; 588; 686; 10765.659999999993; ((159, 270, 189), 31); 3121.0381397820383; 6; 107; 0; 434; 69
pglib_opf_case588_sdet; original; no_gci; 1; 588; 686; 10765.659999999993; ((270, 320, 619), 47); 3117.865145072512; 6; 109; 0; 431; 71
pglib_opf_case588_sdet; original; no_gci; 1; 588; 686; 10765.659999999993; ((161, 171, 190), 29); 3187.3476401481294; 9; 123; 0; 411; 81
pglib_opf_case588_sdet; original; no_gci; 1; 588; 686; 10765.659999999993; ((161, 177, 191), 19); 3187.935862852886; 9; 125; 0; 409; 83
pglib_opf_case588_sdet; original; no_gci; 1; 588; 686; 10765.659999999993; ((163, 173, 193), 23); 2869.9145010783923; 6; 106; 0; 434; 68
pglib_opf_case588_sdet; original; no_gci; 1; 588; 686; 10765.659999999993; ((163, 174, 194), 19); 2869.9145010783923; 6; 106; 0; 434; 68
pglib_opf_case588_sdet; original; no_gci; 1; 588; 686; 10765.659999999993; ((164, 166, 195), 53); 2895.177292157322; 7; 105; 0; 432; 67
pglib_opf_case588_sdet; original; no_gci; 1; 588; 686; 10765.659999999993; ((164, 274, 196), 70); 2936.281312530993; 9; 101; 0; 514; 68
pglib_opf_case588_sdet; original; no_gci; 1; 588; 686; 10765.659999999993; ((167, 213, 199), 28); 3194.2180134713744; 6; 108; 0; 433; 70
pglib_opf_case588_sdet; original; no_gci; 1; 588; 686; 10765.659999999993; ((213, 214, 242), 0); 2869.9145010783923; 6; 107; 0; 432; 70
pglib_opf_case588_sdet; original; no_gci; 1; 588; 686; 10765.659999999993; ((179, 280, 203), 21); 3097.6387416144216; 8; 115; 0; 420; 76
pglib_opf_case588_sdet; original; no_gci; 1; 588; 686; 10765.659999999993; ((280, 272, 620), 40); 3480.9524674651893; 8; 113; 0; 420; 75
pglib_opf_case588_sdet; original; no_gci; 1; 588; 686; 10765.659999999993; ((180, 181, 204), 0); 2869.9145010783923; 6; 107; 0; 432; 70
pglib_opf_case588_sdet; original; no_gci; 1; 588; 686; 10765.659999999993; ((180, 183, 205), 95); 1240.2640676428928; 6; 32; 0; 536; 19
pglib_opf_case588_sdet; original; no_gci; 1; 588; 686; 10765.659999999993; ((180, 188, 206), 33); 3249.7493285006667; 8; 118; 0; 423; 76
pglib_opf_case588_sdet; original; no_gci; 1; 588; 686; 10765.659999999993; ((183, 229, 210), 317); 2869.9145010783923; 6; 107; 0; 433; 69
pglib_opf_case588_sdet; original; no_gci; 1; 588; 686; 10765.659999999993; ((183, 206, 600), 39); 1805.031090165492; 6; 63; 0; 512; 40
pglib_opf_case588_sdet; original; no_gci; 1; 588; 686; 10765.659999999993; ((182, 183, 207), 50); 3477.898151788453; 7; 111; 0; 471; 67
pglib_opf_case588_sdet; original; no_gci; 1; 588; 686; 10765.659999999993; ((182, 229, 208), 317); 2869.9145010783923; 6; 107; 0; 433; 69
pglib_opf_case588_sdet; original; no_gci; 1; 588; 686; 10765.659999999993; ((182, 423, 209), 196); 2468.8863694451484; 7; 109; 0; 507; 70
pglib_opf_case588_sdet; original; no_gci; 1; 588; 686; 10765.659999999993; ((423, 475, 674), 42); 3399.3127792821215; 7; 117; 0; 421; 78
pglib_opf_case588_sdet; original; no_gci; 1; 588; 686; 10765.659999999993; ((184, 185, 211), 162); 3218.3147068329836; 5; 114; 0; 467; 74
pglib_opf_case588_sdet; original; no_gci; 1; 588; 686; 10765.659999999993; ((184, 195, 212), 81); 2072.261309831374; 6; 100; 0; 426; 68
pglib_opf_case588_sdet; original; no_gci; 1; 588; 686; 10765.659999999993; ((184, 183, 599), 321); 2225.5336270712833; 4; 75; 0; 520; 50
pglib_opf_case588_sdet; original; no_gci; 1; 588; 686; 10765.659999999993; ((185, 191, 213), 84); 2816.064623350365; 6; 106; 0; 470; 68
pglib_opf_case588_sdet; original; no_gci; 1; 588; 686; 10765.659999999993; ((195, 222, 609), 138); 2940.7124903986596; 9; 99; 0; 492; 61
pglib_opf_case588_sdet; original; no_gci; 1; 588; 686; 10765.659999999993; ((191, 228, 218), 0); 2869.9145010783923; 6; 107; 0; 432; 70
pglib_opf_case588_sdet; original; no_gci; 1; 588; 686; 10765.659999999993; ((191, 189, 603), 40); 3462.340174832124; 7; 122; 0; 493; 77
pglib_opf_case588_sdet; original; no_gci; 1; 588; 686; 10765.659999999993; ((191, 211, 606), 173); 1842.5772631082218; 6; 56; 0; 514; 33
pglib_opf_case588_sdet; original; no_gci; 1; 588; 686; 10765.659999999993; ((191, 212, 607), 112); 3226.3898718338096; 6; 109; 0; 434; 70
pglib_opf_case588_sdet; original; no_gci; 1; 588; 686; 10765.659999999993; ((186, 191, 214), 408); 2933.2620074026845; 7; 91; 0; 537; 53
pglib_opf_case588_sdet; original; no_gci; 1; 588; 686; 10765.659999999993; ((186, 548, 215), 18); 2945.642662363156; 7; 112; 0; 500; 73
pglib_opf_case588_sdet; original; no_gci; 1; 588; 686; 10765.659999999993; ((548, 555, 540), 227); 3254.888624522885; 8; 109; 0; 495; 74
pglib_opf_case588_sdet; original; no_gci; 1; 588; 686; 10765.659999999993; ((190, 212, 604), 103); 1897.9388752139075; 6; 84; 0; 525; 57
pglib_opf_case588_sdet; original; no_gci; 1; 588; 686; 10765.659999999993; ((190, 352, 605), 416); 3238.1254845907733; 8; 112; 0; 503; 72
pglib_opf_case588_sdet; original; no_gci; 1; 588; 686; 10765.659999999993; ((194, 195, 219), 219); 3165.0041421276983; 8; 110; 0; 503; 75
pglib_opf_case588_sdet; original; no_gci; 1; 588; 686; 10765.659999999993; ((194, 196, 220), 300); 2893.728380921926; 7; 102; 0; 510; 71
pglib_opf_case588_sdet; original; no_gci; 1; 588; 686; 10765.659999999993; ((194, 193, 608), 81); 1636.878818307261; 7; 62; 0; 471; 41
pglib_opf_case588_sdet; original; no_gci; 1; 588; 686; 10765.659999999993; ((196, 556, 221), 300); 2893.728380921926; 7; 102; 0; 510; 71
pglib_opf_case588_sdet; original; no_gci; 1; 588; 686; 10765.659999999993; ((556, 554, 684), 182); 2012.047404308074; 8; 98; 0; 434; 63
pglib_opf_case588_sdet; original; no_gci; 1; 588; 686; 10765.659999999993; ((197, 209, 222), 48); 1726.6185159195575; 8; 62; 0; 464; 39
pglib_opf_case588_sdet; original; no_gci; 1; 588; 686; 10765.659999999993; ((197, 212, 223), 59); 1750.5294881474329; 9; 67; 0; 462; 44
pglib_opf_case588_sdet; original; no_gci; 1; 588; 686; 10765.659999999993; ((212, 213, 240), 27); 3264.261595630597; 9; 113; 0; 423; 75
pglib_opf_case588_sdet; original; no_gci; 1; 588; 686; 10765.659999999993; ((212, 216, 241), 24); 2302.9617340030236; 8; 89; 0; 442; 57
pglib_opf_case588_sdet; original; no_gci; 1; 588; 686; 10765.659999999993; ((198, 199, 224), 0); 2869.9145010783923; 6; 107; 0; 432; 70
pglib_opf_case588_sdet; original; no_gci; 1; 588; 686; 10765.659999999993; ((198, 206, 225), 39); 1805.031090165492; 6; 63; 0; 512; 40
pglib_opf_case588_sdet; original; no_gci; 1; 588; 686; 10765.659999999993; ((200, 212, 226), 7); 3733.6221364501343; 7; 120; 0; 419; 76
pglib_opf_case588_sdet; original; no_gci; 1; 588; 686; 10765.659999999993; ((201, 215, 227), 9); 3734.1923152118907; 7; 120; 0; 420; 76
pglib_opf_case588_sdet; original; no_gci; 1; 588; 686; 10765.659999999993; ((202, 216, 228), 12); 3273.3347683543134; 8; 120; 0; 418; 79
pglib_opf_case588_sdet; original; no_gci; 1; 588; 686; 10765.659999999993; ((203, 207, 229), 83); 1775.5475565470679; 9; 67; 0; 461; 44
pglib_opf_case588_sdet; original; no_gci; 1; 588; 686; 10765.659999999993; ((203, 212, 230), 99); 1791.6366853667787; 9; 67; 0; 460; 44
pglib_opf_case588_sdet; original; no_gci; 1; 588; 686; 10765.659999999993; ((204, 219, 231), 86); 3062.0417045103386; 7; 108; 0; 513; 68
pglib_opf_case588_sdet; original; no_gci; 1; 588; 686; 10765.659999999993; ((204, 580, 232), 22); 2763.2796781125935; 8; 115; 0; 460; 72
pglib_opf_case588_sdet; original; no_gci; 1; 588; 686; 10765.659999999993; ((205, 211, 233), 55); 3174.3092002289904; 9; 112; 0; 429; 72
pglib_opf_case588_sdet; original; no_gci; 1; 588; 686; 10765.659999999993; ((205, 218, 234), 81); 1775.1997940678084; 9; 68; 0; 460; 45
pglib_opf_case588_sdet; original; no_gci; 1; 588; 686; 10765.659999999993; ((205, 572, 235), 43); 2963.8557564360854; 7; 105; 0; 508; 66
pglib_opf_case588_sdet; original; no_gci; 1; 588; 686; 10765.659999999993; ((211, 217, 238), 161); 1893.8484503641666; 5; 78; 0; 530; 52
pglib_opf_case588_sdet; original; no_gci; 1; 588; 686; 10765.659999999993; ((211, 219, 239), 78); 2869.2974394538232; 7; 106; 0; 513; 67
pglib_opf_case588_sdet; original; no_gci; 1; 588; 686; 10765.659999999993; ((208, 211, 236), 35); 2312.815538094743; 8; 89; 0; 441; 57
pglib_opf_case588_sdet; original; no_gci; 1; 588; 686; 10765.659999999993; ((208, 215, 237), 20); 3275.054078713518; 8; 120; 0; 419; 79
pglib_opf_case588_sdet; original; no_gci; 1; 588; 686; 10765.659999999993; ((217, 220, 243), 149); 1891.3333652652582; 5; 77; 0; 531; 52
pglib_opf_case588_sdet; original; no_gci; 1; 588; 686; 10765.659999999993; ((220, 482, 244), 88); 2954.7532260512417; 7; 111; 0; 505; 68
pglib_opf_case588_sdet; original; no_gci; 1; 588; 686; 10765.659999999993; ((482, 483, 490), 74); 2755.662919020716; 6; 99; 0; 513; 62
pglib_opf_case588_sdet; original; no_gci; 1; 588; 686; 10765.659999999993; ((222, 223, 246), 49); 1612.030219647755; 6; 65; 0; 462; 42
pglib_opf_case588_sdet; original; no_gci; 1; 588; 686; 10765.659999999993; ((222, 225, 247), 30); 3083.812156448699; 9; 113; 0; 423; 74
pglib_opf_case588_sdet; original; no_gci; 1; 588; 686; 10765.659999999993; ((222, 226, 248), 43); 3401.2099795499025; 8; 123; 0; 412; 84
pglib_opf_case588_sdet; original; no_gci; 1; 588; 686; 10765.659999999993; ((222, 227, 249), 28); 3083.758749371452; 9; 113; 0; 424; 74
pglib_opf_case588_sdet; original; no_gci; 1; 588; 686; 10765.659999999993; ((224, 225, 250), 17); 3083.5021580358953; 9; 113; 0; 424; 74
pglib_opf_case588_sdet; original; no_gci; 1; 588; 686; 10765.659999999993; ((230, 237, 251), 12); 2132.067718769875; 6; 86; 0; 428; 53
pglib_opf_case588_sdet; original; no_gci; 1; 588; 686; 10765.659999999993; ((230, 268, 252), 3); 2872.0151491203296; 6; 106; 0; 434; 69
pglib_opf_case588_sdet; original; no_gci; 1; 588; 686; 10765.659999999993; ((230, 338, 253), 8); 2129.3670385690584; 6; 86; 0; 428; 53
pglib_opf_case588_sdet; original; no_gci; 1; 588; 686; 10765.659999999993; ((237, 252, 263), 12); 2132.067718769875; 6; 86; 0; 428; 53
pglib_opf_case588_sdet; original; no_gci; 1; 588; 686; 10765.659999999993; ((231, 283, 254), 2); 2868.942644411396; 6; 106; 0; 433; 69
pglib_opf_case588_sdet; original; no_gci; 1; 588; 686; 10765.659999999993; ((231, 343, 255), 2); 2868.942644411396; 6; 106; 0; 432; 69
pglib_opf_case588_sdet; original; no_gci; 1; 588; 686; 10765.659999999993; ((232, 284, 256), 36); 2949.2925818175936; 6; 108; 0; 425; 71
pglib_opf_case588_sdet; original; no_gci; 1; 588; 686; 10765.659999999993; ((232, 300, 257), 36); 2949.2925818175936; 6; 108; 0; 426; 71
pglib_opf_case588_sdet; original; no_gci; 1; 588; 686; 10765.659999999993; ((300, 305, 336), 36); 2949.2925818175936; 6; 108; 0; 427; 71
pglib_opf_case588_sdet; original; no_gci; 1; 588; 686; 10765.659999999993; ((233, 299, 258), 24); 3038.075700447047; 8; 112; 0; 424; 74
pglib_opf_case588_sdet; original; no_gci; 1; 588; 686; 10765.659999999993; ((233, 332, 259), 2); 2868.5307952672756; 6; 106; 0; 433; 69
pglib_opf_case588_sdet; original; no_gci; 1; 588; 686; 10765.659999999993; ((234, 245, 260), 5); 2878.448120684382; 6; 106; 0; 433; 69
pglib_opf_case588_sdet; original; no_gci; 1; 588; 686; 10765.659999999993; ((245, 336, 275), 5); 2878.448120684382; 6; 106; 0; 432; 69
pglib_opf_case588_sdet; original; no_gci; 1; 588; 686; 10765.659999999993; ((235, 241, 261), 3); 2875.0346685186933; 6; 106; 0; 430; 69
pglib_opf_case588_sdet; original; no_gci; 1; 588; 686; 10765.659999999993; ((235, 311, 262), 2); 2872.466455922822; 6; 106; 0; 431; 69
pglib_opf_case588_sdet; original; no_gci; 1; 588; 686; 10765.659999999993; ((241, 284, 268), 5); 2877.7004116221633; 6; 106; 0; 429; 69
pglib_opf_case588_sdet; original; no_gci; 1; 588; 686; 10765.659999999993; ((252, 327, 287), 16); 2135.34650179659; 6; 86; 0; 428; 53
pglib_opf_case588_sdet; original; no_gci; 1; 588; 686; 10765.659999999993; ((238, 246, 264), 1); 2869.2171313876615; 6; 106; 0; 433; 69
pglib_opf_case588_sdet; original; no_gci; 1; 588; 686; 10765.659999999993; ((246, 263, 276), 27); 3177.2854909538546; 8; 117; 0; 411; 77
pglib_opf_case588_sdet; original; no_gci; 1; 588; 686; 10765.659999999993; ((246, 299, 277), 26); 3038.859638397037; 8; 112; 0; 423; 74
pglib_opf_case588_sdet; original; no_gci; 1; 588; 686; 10765.659999999993; ((239, 282, 265), 0); 2869.9399558475106; 6; 107; 0; 432; 70
pglib_opf_case588_sdet; original; no_gci; 1; 588; 686; 10765.659999999993; ((282, 288, 318), 0); 2869.9399558475106; 6; 107; 0; 431; 70
pglib_opf_case588_sdet; original; no_gci; 1; 588; 686; 10765.659999999993; ((240, 281, 266), 17); 3408.6573667944194; 8; 124; 0; 413; 81
pglib_opf_case588_sdet; original; no_gci; 1; 588; 686; 10765.659999999993; ((240, 336, 267), 12); 3403.800202831413; 8; 124; 0; 413; 81
pglib_opf_case588_sdet; original; no_gci; 1; 588; 686; 10765.659999999993; ((242, 276, 269), 2); 2873.8318343656065; 6; 106; 0; 433; 69
pglib_opf_case588_sdet; original; no_gci; 1; 588; 686; 10765.659999999993; ((276, 325, 315), 5); 2877.7816843329274; 6; 106; 0; 432; 69
pglib_opf_case588_sdet; original; no_gci; 1; 588; 686; 10765.659999999993; ((243, 301, 270), 17); 1716.7661152296405; 6; 70; 0; 461; 44
pglib_opf_case588_sdet; original; no_gci; 1; 588; 686; 10765.659999999993; ((243, 308, 271), 85); 2636.576477296275; 9; 90; 0; 521; 61
pglib_opf_case588_sdet; original; no_gci; 1; 588; 686; 10765.659999999993; ((301, 310, 337), 123); 2181.740233990924; 5; 84; 0; 528; 56
pglib_opf_case588_sdet; original; no_gci; 1; 588; 686; 10765.659999999993; ((301, 335, 629), 140); 3670.043128748908; 9; 123; 0; 408; 80
pglib_opf_case588_sdet; original; no_gci; 1; 588; 686; 10765.659999999993; ((308, 251, 612), 19); 2912.3024740241726; 6; 108; 0; 433; 70
pglib_opf_case588_sdet; original; no_gci; 1; 588; 686; 10765.659999999993; ((308, 274, 621), 20); 3648.5008598711393; 10; 104; 0; 433; 65
pglib_opf_case588_sdet; original; no_gci; 1; 588; 686; 10765.659999999993; ((308, 339, 630), 19); 2912.3024740241726; 6; 109; 0; 431; 71
pglib_opf_case588_sdet; original; no_gci; 1; 588; 686; 10765.659999999993; ((244, 256, 272), 2); 2871.0850431008566; 6; 106; 0; 434; 69
pglib_opf_case588_sdet; original; no_gci; 1; 588; 686; 10765.659999999993; ((244, 338, 273), 6); 2127.423126800959; 6; 86; 0; 428; 53
pglib_opf_case588_sdet; original; no_gci; 1; 588; 686; 10765.659999999993; ((244, 339, 274), 4); 2125.91857051831; 6; 86; 0; 428; 53
pglib_opf_case588_sdet; original; no_gci; 1; 588; 686; 10765.659999999993; ((263, 330, 304), 28); 3177.6559208950184; 8; 117; 0; 410; 77
pglib_opf_case588_sdet; original; no_gci; 1; 588; 686; 10765.659999999993; ((247, 468, 278), 31); 3068.2663212092757; 6; 99; 0; 474; 60
pglib_opf_case588_sdet; original; no_gci; 1; 588; 686; 10765.659999999993; ((248, 277, 279), 54); 3032.2336479067253; 7; 94; 0; 446; 58
pglib_opf_case588_sdet; original; no_gci; 1; 588; 686; 10765.659999999993; ((248, 308, 280), 66); 3167.58095971923; 7; 97; 0; 445; 60
pglib_opf_case588_sdet; original; no_gci; 1; 588; 686; 10765.659999999993; ((277, 309, 316), 20); 2093.2574673095605; 6; 87; 0; 428; 53
pglib_opf_case588_sdet; original; no_gci; 1; 588; 686; 10765.659999999993; ((277, 302, 622), 21); 3165.5676157717926; 8; 122; 0; 411; 81
pglib_opf_case588_sdet; original; no_gci; 1; 588; 686; 10765.659999999993; ((277, 348, 623), 22); 3165.5850772172016; 8; 122; 0; 411; 81
pglib_opf_case588_sdet; original; no_gci; 1; 588; 686; 10765.659999999993; ((249, 269, 281), 0); 2869.9012670774; 6; 107; 0; 433; 70
pglib_opf_case588_sdet; original; no_gci; 1; 588; 686; 10765.659999999993; ((249, 333, 282), 5); 2867.0003942750145; 6; 106; 0; 434; 69
pglib_opf_case588_sdet; original; no_gci; 1; 588; 686; 10765.659999999993; ((269, 288, 309), 0); 2870.016320154865; 6; 107; 0; 429; 70
pglib_opf_case588_sdet; original; no_gci; 1; 588; 686; 10765.659999999993; ((250, 281, 283), 17); 3408.6573667944194; 8; 124; 0; 413; 81
pglib_opf_case588_sdet; original; no_gci; 1; 588; 686; 10765.659999999993; ((250, 319, 284), 21); 3186.2384678422377; 8; 121; 0; 413; 80
pglib_opf_case588_sdet; original; no_gci; 1; 588; 686; 10765.659999999993; ((251, 271, 285), 41); 3207.6264891995224; 8; 122; 0; 412; 81
pglib_opf_case588_sdet; original; no_gci; 1; 588; 686; 10765.659999999993; ((251, 339, 286), 22); 2871.334094068101; 6; 108; 0; 431; 70
pglib_opf_case588_sdet; original; no_gci; 1; 588; 686; 10765.659999999993; ((271, 319, 310), 39); 3205.2855630432523; 8; 122; 0; 412; 81
pglib_opf_case588_sdet; original; no_gci; 1; 588; 686; 10765.659999999993; ((327, 344, 351), 20); 2138.992106186988; 6; 86; 0; 428; 53
pglib_opf_case588_sdet; original; no_gci; 1; 588; 686; 10765.659999999993; ((253, 296, 288), 1); 2870.990252113851; 6; 106; 0; 434; 69
pglib_opf_case588_sdet; original; no_gci; 1; 588; 686; 10765.659999999993; ((253, 303, 289), 6); 2866.972606580588; 6; 106; 0; 434; 69
pglib_opf_case588_sdet; original; no_gci; 1; 588; 686; 10765.659999999993; ((296, 336, 333), 7); 2880.6205993579933; 6; 106; 0; 434; 69
pglib_opf_case588_sdet; original; no_gci; 1; 588; 686; 10765.659999999993; ((303, 325, 338), 13); 3212.632770967114; 10; 100; 0; 434; 65
pglib_opf_case588_sdet; original; no_gci; 1; 588; 686; 10765.659999999993; ((254, 307, 290), 4); 2875.912412811298; 6; 106; 0; 433; 69
pglib_opf_case588_sdet; original; no_gci; 1; 588; 686; 10765.659999999993; ((254, 315, 291), 4); 2875.912412811298; 6; 106; 0; 432; 69
pglib_opf_case588_sdet; original; no_gci; 1; 588; 686; 10765.659999999993; ((315, 322, 342), 7); 2881.926596912751; 6; 106; 0; 431; 69
pglib_opf_case588_sdet; original; no_gci; 1; 588; 686; 10765.659999999993; ((255, 344, 292), 5); 2872.9642365702175; 6; 106; 0; 434; 69
pglib_opf_case588_sdet; original; no_gci; 1; 588; 686; 10765.659999999993; ((257, 261, 293), 9); 2871.3103744860227; 6; 105; 0; 434; 68
pglib_opf_case588_sdet; original; no_gci; 1; 588; 686; 10765.659999999993; ((261, 272, 300), 16); 3732.294911013173; 7; 122; 0; 418; 77
pglib_opf_case588_sdet; original; no_gci; 1; 588; 686; 10765.659999999993; ((261, 298, 301), 2); 2869.9145010783923; 6; 107; 0; 433; 69
pglib_opf_case588_sdet; original; no_gci; 1; 588; 686; 10765.659999999993; ((258, 275, 294), 5); 2866.962177008745; 6; 106; 0; 430; 69
pglib_opf_case588_sdet; original; no_gci; 1; 588; 686; 10765.659999999993; ((258, 285, 295), 3); 2869.9145010783923; 6; 107; 0; 433; 69
pglib_opf_case588_sdet; original; no_gci; 1; 588; 686; 10765.659999999993; ((258, 330, 296), 2); 2869.9145010783923; 6; 107; 0; 433; 69
pglib_opf_case588_sdet; original; no_gci; 1; 588; 686; 10765.659999999993; ((275, 343, 314), 3); 2867.969993858994; 6; 106; 0; 431; 69
pglib_opf_case588_sdet; original; no_gci; 1; 588; 686; 10765.659999999993; ((285, 334, 319), 6); 2869.9145010783923; 6; 107; 0; 433; 69
pglib_opf_case588_sdet; original; no_gci; 1; 588; 686; 10765.659999999993; ((260, 319, 297), 18); 3183.944384125776; 8; 121; 0; 405; 80
pglib_opf_case588_sdet; original; no_gci; 1; 588; 686; 10765.659999999993; ((260, 321, 298), 4); 2875.6523403886195; 6; 106; 0; 433; 69
pglib_opf_case588_sdet; original; no_gci; 1; 588; 686; 10765.659999999993; ((260, 347, 299), 15); 3406.910068320798; 8; 124; 0; 407; 81
pglib_opf_case588_sdet; original; no_gci; 1; 588; 686; 10765.659999999993; ((272, 318, 311), 24); 3440.808444735487; 8; 122; 0; 417; 79
pglib_opf_case588_sdet; original; no_gci; 1; 588; 686; 10765.659999999993; ((298, 317, 334), 3); 2869.9145010783923; 6; 107; 0; 433; 69
pglib_opf_case588_sdet; original; no_gci; 1; 588; 686; 10765.659999999993; ((298, 320, 335), 11); 3036.4819917069854; 7; 130; 0; 411; 84
pglib_opf_case588_sdet; original; no_gci; 1; 588; 686; 10765.659999999993; ((262, 311, 302), 2); 2872.466455922822; 6; 106; 0; 432; 69
pglib_opf_case588_sdet; original; no_gci; 1; 588; 686; 10765.659999999993; ((262, 313, 303), 2); 2872.466455922822; 6; 106; 0; 433; 69
pglib_opf_case588_sdet; original; no_gci; 1; 588; 686; 10765.659999999993; ((264, 293, 305), 586); 2013.542933632587; 6; 84; 0; 516; 58
pglib_opf_case588_sdet; original; no_gci; 1; 588; 686; 10765.659999999993; ((264, 295, 306), 783); 3912.649748052363; 6; 117; 0; 472; 72
pglib_opf_case588_sdet; original; no_gci; 1; 588; 686; 10765.659999999993; ((264, 267, 614), 197); 2323.585602716883; 4; 79; 0; 531; 53
pglib_opf_case588_sdet; original; no_gci; 1; 588; 686; 10765.659999999993; ((293, 292, 627), 293); 3265.3535635338567; 7; 124; 0; 483; 83
pglib_opf_case588_sdet; original; no_gci; 1; 588; 686; 10765.659999999993; ((293, 292, 628), 293); 3265.3535635338567; 7; 124; 0; 483; 83
pglib_opf_case588_sdet; original; no_gci; 1; 588; 686; 10765.659999999993; ((295, 284, 625), 20); 2869.9145010783923; 6; 107; 0; 433; 69
pglib_opf_case588_sdet; original; no_gci; 1; 588; 686; 10765.659999999993; ((295, 284, 626), 20); 2869.9145010783923; 6; 107; 0; 433; 69
pglib_opf_case588_sdet; original; no_gci; 1; 588; 686; 10765.659999999993; ((265, 339, 307), 1); 2872.2388929385406; 6; 106; 0; 433; 69
pglib_opf_case588_sdet; original; no_gci; 1; 588; 686; 10765.659999999993; ((266, 323, 308), 20); 2093.2574673095605; 6; 87; 0; 428; 53
pglib_opf_case588_sdet; original; no_gci; 1; 588; 686; 10765.659999999993; ((266, 247, 611), 31); 3068.2663212092757; 6; 99; 0; 474; 60
pglib_opf_case588_sdet; original; no_gci; 1; 588; 686; 10765.659999999993; ((266, 349, 615), 25); 2869.9145010783923; 6; 107; 0; 433; 69
pglib_opf_case588_sdet; original; no_gci; 1; 588; 686; 10765.659999999993; ((266, 349, 616), 25); 2869.9145010783923; 6; 107; 0; 433; 69
pglib_opf_case588_sdet; original; no_gci; 1; 588; 686; 10765.659999999993; ((288, 304, 324), 0); 2869.9908653857474; 6; 107; 0; 432; 70
pglib_opf_case588_sdet; original; no_gci; 1; 588; 686; 10765.659999999993; ((318, 328, 345), 3); 2869.9145010783923; 6; 107; 0; 433; 69
pglib_opf_case588_sdet; original; no_gci; 1; 588; 686; 10765.659999999993; ((273, 326, 312), 30); 3838.271536927363; 9; 108; 0; 411; 66
pglib_opf_case588_sdet; original; no_gci; 1; 588; 686; 10765.659999999993; ((273, 344, 313), 25); 3833.7202319990083; 9; 108; 0; 411; 66
pglib_opf_case588_sdet; original; no_gci; 1; 588; 686; 10765.659999999993; ((309, 323, 340), 20); 2093.2574673095605; 6; 87; 0; 428; 53
pglib_opf_case588_sdet; original; no_gci; 1; 588; 686; 10765.659999999993; ((309, 236, 610), 0); 2869.9145010783923; 6; 107; 0; 433; 70
pglib_opf_case588_sdet; original; no_gci; 1; 588; 686; 10765.659999999993; ((309, 279, 624), 0); 2869.9145010783923; 6; 107; 0; 433; 70
pglib_opf_case588_sdet; original; no_gci; 1; 588; 686; 10765.659999999993; ((309, 314, 631), 0); 2869.9145010783923; 6; 107; 0; 433; 70
pglib_opf_case588_sdet; original; no_gci; 1; 588; 686; 10765.659999999993; ((278, 341, 317), 2); 2873.701798283758; 6; 106; 0; 433; 69
pglib_opf_case588_sdet; original; no_gci; 1; 588; 686; 10765.659999999993; ((334, 337, 355), 16); 2869.9145010783923; 6; 107; 0; 433; 69
pglib_opf_case588_sdet; original; no_gci; 1; 588; 686; 10765.659999999993; ((334, 346, 356), 4); 2867.7810931277036; 6; 106; 0; 433; 69
pglib_opf_case588_sdet; original; no_gci; 1; 588; 686; 10765.659999999993; ((286, 305, 320), 33); 2946.185360798163; 6; 108; 0; 428; 71
pglib_opf_case588_sdet; original; no_gci; 1; 588; 686; 10765.659999999993; ((286, 326, 321), 29); 2941.8372368156997; 6; 108; 0; 429; 71
pglib_opf_case588_sdet; original; no_gci; 1; 588; 686; 10765.659999999993; ((287, 325, 322), 5); 2877.2777935788063; 6; 106; 0; 431; 69
pglib_opf_case588_sdet; original; no_gci; 1; 588; 686; 10765.659999999993; ((287, 341, 323), 2); 2873.701798283758; 6; 106; 0; 432; 69
pglib_opf_case588_sdet; original; no_gci; 1; 588; 686; 10765.659999999993; ((289, 318, 325), 10); 3730.8944705132353; 7; 120; 0; 419; 76
pglib_opf_case588_sdet; original; no_gci; 1; 588; 686; 10765.659999999993; ((290, 297, 326), 5); 2878.659429817282; 6; 106; 0; 433; 69
pglib_opf_case588_sdet; original; no_gci; 1; 588; 686; 10765.659999999993; ((290, 326, 327), 5); 2878.659429817282; 6; 106; 0; 432; 69
pglib_opf_case588_sdet; original; no_gci; 1; 588; 686; 10765.659999999993; ((291, 333, 328), 6); 2873.0094956695975; 6; 105; 0; 435; 68
pglib_opf_case588_sdet; original; no_gci; 1; 588; 686; 10765.659999999993; ((291, 334, 329), 6); 2873.0094956695975; 6; 105; 0; 435; 68
pglib_opf_case588_sdet; original; no_gci; 1; 588; 686; 10765.659999999993; ((292, 374, 330), 224); 3124.274276695858; 8; 106; 0; 473; 69
pglib_opf_case588_sdet; original; no_gci; 1; 588; 686; 10765.659999999993; ((292, 259, 613), 74); 3777.484312654712; 7; 123; 0; 415; 80
pglib_opf_case588_sdet; original; no_gci; 1; 588; 686; 10765.659999999993; ((294, 320, 331), 0); 2870.83087276664; 6; 106; 0; 432; 69
pglib_opf_case588_sdet; original; no_gci; 1; 588; 686; 10765.659999999993; ((294, 331, 332), 0); 2870.2454130769274; 6; 107; 0; 432; 70
pglib_opf_case588_sdet; original; no_gci; 1; 588; 686; 10765.659999999993; ((320, 330, 346), 31); 2876.428592990709; 6; 105; 0; 435; 67
pglib_opf_case588_sdet; original; no_gci; 1; 588; 686; 10765.659999999993; ((320, 342, 347), 5); 3036.4819917069854; 7; 130; 0; 415; 84
pglib_opf_case588_sdet; original; no_gci; 1; 588; 686; 10765.659999999993; ((317, 328, 344), 4); 2869.9145010783923; 6; 107; 0; 433; 69
pglib_opf_case588_sdet; original; no_gci; 1; 588; 686; 10765.659999999993; ((310, 267, 617), 123); 2181.740233990924; 5; 84; 0; 529; 56
pglib_opf_case588_sdet; original; no_gci; 1; 588; 686; 10765.659999999993; ((306, 350, 339), 8); 2872.0983502346344; 6; 105; 0; 434; 68
pglib_opf_case588_sdet; original; no_gci; 1; 588; 686; 10765.659999999993; ((312, 329, 341), 8); 2871.630195688699; 6; 105; 0; 434; 68
pglib_opf_case588_sdet; original; no_gci; 1; 588; 686; 10765.659999999993; ((329, 345, 353), 8); 2871.830040288857; 6; 105; 0; 434; 68
pglib_opf_case588_sdet; original; no_gci; 1; 588; 686; 10765.659999999993; ((329, 350, 354), 16); 3173.0934253689975; 8; 118; 0; 413; 78
pglib_opf_case588_sdet; original; no_gci; 1; 588; 686; 10765.659999999993; ((322, 340, 348), 4); 2876.1562307379227; 6; 106; 0; 433; 69
pglib_opf_case588_sdet; original; no_gci; 1; 588; 686; 10765.659999999993; ((322, 347, 349), 11); 3403.084386244971; 8; 124; 0; 408; 81
pglib_opf_case588_sdet; original; no_gci; 1; 588; 686; 10765.659999999993; ((316, 327, 343), 4); 2872.749110110365; 6; 106; 0; 434; 69
pglib_opf_case588_sdet; original; no_gci; 1; 588; 686; 10765.659999999993; ((328, 349, 352), 9); 3728.658259013345; 7; 122; 0; 416; 78
pglib_opf_case588_sdet; original; no_gci; 1; 588; 686; 10765.659999999993; ((342, 349, 358), 4); 3036.4819917069854; 7; 130; 0; 415; 84
pglib_opf_case588_sdet; original; no_gci; 1; 588; 686; 10765.659999999993; ((324, 338, 350), 2); 2871.4267147364844; 6; 106; 0; 434; 69
pglib_opf_case588_sdet; original; no_gci; 1; 588; 686; 10765.659999999993; ((349, 350, 359), 24); 3176.0571863945834; 8; 117; 0; 411; 77
pglib_opf_case588_sdet; original; no_gci; 1; 588; 686; 10765.659999999993; ((337, 349, 357), 22); 2869.9145010783923; 6; 107; 0; 433; 69
pglib_opf_case588_sdet; original; no_gci; 1; 588; 686; 10765.659999999993; ((352, 366, 360), 64); 3728.7796213426936; 7; 122; 0; 418; 77
pglib_opf_case588_sdet; original; no_gci; 1; 588; 686; 10765.659999999993; ((352, 382, 361), 1); 3728.361946158934; 7; 121; 0; 419; 76
pglib_opf_case588_sdet; original; no_gci; 1; 588; 686; 10765.659999999993; ((352, 389, 362), 480); 3458.0104511573445; 7; 90; 0; 538; 54
pglib_opf_case588_sdet; original; no_gci; 1; 588; 686; 10765.659999999993; ((352, 371, 633), 0); 2869.9145010783923; 6; 107; 0; 430; 70
pglib_opf_case588_sdet; original; no_gci; 1; 588; 686; 10765.659999999993; ((352, 380, 634), 0); 2869.9145010783923; 6; 107; 0; 433; 69
pglib_opf_case588_sdet; original; no_gci; 1; 588; 686; 10765.659999999993; ((352, 399, 635), 0); 2869.9145010783923; 6; 107; 0; 432; 70
pglib_opf_case588_sdet; original; no_gci; 1; 588; 686; 10765.659999999993; ((352, 401, 636), 0); 2869.9145010783923; 6; 107; 0; 433; 69
pglib_opf_case588_sdet; original; no_gci; 1; 588; 686; 10765.659999999993; ((366, 412, 370), 59); 3728.7796213426936; 7; 122; 0; 418; 77
pglib_opf_case588_sdet; original; no_gci; 1; 588; 686; 10765.659999999993; ((382, 410, 662), 42); 2869.9145010783923; 6; 107; 0; 433; 69
pglib_opf_case588_sdet; original; no_gci; 1; 588; 686; 10765.659999999993; ((382, 410, 663), 44); 2869.9145010783923; 6; 107; 0; 433; 69
pglib_opf_case588_sdet; original; no_gci; 1; 588; 686; 10765.659999999993; ((382, 410, 664), 44); 2869.9145010783923; 6; 107; 0; 433; 69
pglib_opf_case588_sdet; original; no_gci; 1; 588; 686; 10765.659999999993; ((389, 353, 637), 15); 3666.9298431305024; 10; 109; 0; 430; 71
pglib_opf_case588_sdet; original; no_gci; 1; 588; 686; 10765.659999999993; ((356, 365, 363), 85); 3142.6444353992492; 6; 118; 0; 504; 73
pglib_opf_case588_sdet; original; no_gci; 1; 588; 686; 10765.659999999993; ((356, 408, 364), 87); 3146.1630139288836; 6; 118; 0; 504; 73
pglib_opf_case588_sdet; original; no_gci; 1; 588; 686; 10765.659999999993; ((408, 415, 396), 8); 2878.577809747513; 6; 107; 0; 433; 70
pglib_opf_case588_sdet; original; no_gci; 1; 588; 686; 10765.659999999993; ((357, 382, 365), 129); 3266.302054663636; 7; 117; 0; 421; 78
pglib_opf_case588_sdet; original; no_gci; 1; 588; 686; 10765.659999999993; ((357, 405, 366), 84); 3266.302054663636; 7; 117; 0; 421; 78
pglib_opf_case588_sdet; original; no_gci; 1; 588; 686; 10765.659999999993; ((357, 385, 641), 17); 2869.9145010783923; 6; 107; 0; 433; 69
pglib_opf_case588_sdet; original; no_gci; 1; 588; 686; 10765.659999999993; ((357, 385, 642), 27); 2869.9145010783923; 6; 107; 0; 433; 69
pglib_opf_case588_sdet; original; no_gci; 1; 588; 686; 10765.659999999993; ((405, 378, 660), 36); 1703.2499658696197; 8; 60; 0; 467; 37
pglib_opf_case588_sdet; original; no_gci; 1; 588; 686; 10765.659999999993; ((405, 393, 665), 61); 3405.549603586026; 8; 118; 0; 421; 76
pglib_opf_case588_sdet; original; no_gci; 1; 588; 686; 10765.659999999993; ((359, 374, 367), 176); 3141.0845699101283; 8; 104; 0; 476; 68
pglib_opf_case588_sdet; original; no_gci; 1; 588; 686; 10765.659999999993; ((359, 407, 368), 172); 3110.4772263477917; 8; 103; 0; 477; 67
pglib_opf_case588_sdet; original; no_gci; 1; 588; 686; 10765.659999999993; ((407, 415, 395), 95); 2085.702396593215; 7; 102; 0; 475; 64
pglib_opf_case588_sdet; original; no_gci; 1; 588; 686; 10765.659999999993; ((361, 376, 369), 77); 1768.6389871997799; 8; 65; 0; 461; 42
pglib_opf_case588_sdet; original; no_gci; 1; 588; 686; 10765.659999999993; ((361, 375, 646), 52); 2869.9145010783923; 6; 107; 0; 433; 69
pglib_opf_case588_sdet; original; no_gci; 1; 588; 686; 10765.659999999993; ((361, 375, 647), 52); 2869.9145010783923; 6; 107; 0; 433; 69
pglib_opf_case588_sdet; original; no_gci; 1; 588; 686; 10765.659999999993; ((367, 383, 371), 239); 2514.9584465482985; 6; 75; 0; 512; 48
pglib_opf_case588_sdet; original; no_gci; 1; 588; 686; 10765.659999999993; ((367, 360, 644), 107); 2869.9145010783923; 6; 107; 0; 433; 69
pglib_opf_case588_sdet; original; no_gci; 1; 588; 686; 10765.659999999993; ((367, 360, 645), 72); 2869.9145010783923; 6; 107; 0; 433; 69
pglib_opf_case588_sdet; original; no_gci; 1; 588; 686; 10765.659999999993; ((383, 402, 379), 35); 3618.1779197870865; 10; 113; 0; 425; 75
pglib_opf_case588_sdet; original; no_gci; 1; 588; 686; 10765.659999999993; ((383, 414, 380), 204); 3423.1573234136367; 8; 121; 0; 414; 81
pglib_opf_case588_sdet; original; no_gci; 1; 588; 686; 10765.659999999993; ((372, 386, 372), 10); 2882.2976060195724; 6; 107; 0; 433; 70
pglib_opf_case588_sdet; original; no_gci; 1; 588; 686; 10765.659999999993; ((372, 394, 373), 43); 2933.43165335901; 6; 108; 0; 432; 71
pglib_opf_case588_sdet; original; no_gci; 1; 588; 686; 10765.659999999993; ((372, 388, 657), 32); 1699.7031806421492; 8; 60; 0; 467; 37
pglib_opf_case588_sdet; original; no_gci; 1; 588; 686; 10765.659999999993; ((386, 404, 382), 10); 2882.2976060195724; 6; 107; 0; 433; 70
pglib_opf_case588_sdet; original; no_gci; 1; 588; 686; 10765.659999999993; ((394, 409, 666), 23); 1690.4774387209836; 8; 60; 0; 467; 37
pglib_opf_case588_sdet; original; no_gci; 1; 588; 686; 10765.659999999993; ((373, 376, 374), 87); 1779.7365238110378; 8; 64; 0; 461; 41
pglib_opf_case588_sdet; original; no_gci; 1; 588; 686; 10765.659999999993; ((373, 394, 375), 148); 1441.4094777359933; 5; 49; 0; 555; 34
pglib_opf_case588_sdet; original; no_gci; 1; 588; 686; 10765.659999999993; ((377, 394, 376), 0); 2869.9145010783923; 6; 107; 0; 429; 70
pglib_opf_case588_sdet; original; no_gci; 1; 588; 686; 10765.659999999993; ((377, 355, 640), 0); 2869.9145010783923; 6; 107; 0; 432; 70
pglib_opf_case588_sdet; original; no_gci; 1; 588; 686; 10765.659999999993; ((377, 381, 658), 0); 2869.9145010783923; 6; 107; 0; 432; 70
pglib_opf_case588_sdet; original; no_gci; 1; 588; 686; 10765.659999999993; ((377, 400, 659), 0); 2869.9145010783923; 6; 107; 0; 432; 70
pglib_opf_case588_sdet; original; no_gci; 1; 588; 686; 10765.659999999993; ((379, 393, 377), 29); 3405.549603586026; 8; 118; 0; 421; 76
pglib_opf_case588_sdet; original; no_gci; 1; 588; 686; 10765.659999999993; ((379, 416, 378), 11); 2869.9145010783923; 6; 107; 0; 433; 69
pglib_opf_case588_sdet; original; no_gci; 1; 588; 686; 10765.659999999993; ((393, 395, 389), 154); 3116.24689969295; 7; 108; 0; 425; 69
pglib_opf_case588_sdet; original; no_gci; 1; 588; 686; 10765.659999999993; ((393, 396, 390), 33); 2869.9145010783923; 6; 107; 0; 433; 69
pglib_opf_case588_sdet; original; no_gci; 1; 588; 686; 10765.659999999993; ((402, 403, 393), 35); 3618.1779197870865; 10; 113; 0; 425; 75
pglib_opf_case588_sdet; original; no_gci; 1; 588; 686; 10765.659999999993; ((384, 403, 381), 27); 2869.2663342513106; 6; 103; 0; 436; 67
pglib_opf_case588_sdet; original; no_gci; 1; 588; 686; 10765.659999999993; ((403, 353, 638), 62); 3713.5983176216077; 10; 111; 0; 427; 73
pglib_opf_case588_sdet; original; no_gci; 1; 588; 686; 10765.659999999993; ((404, 405, 394), 1); 2871.392136167473; 6; 107; 0; 433; 70
pglib_opf_case588_sdet; original; no_gci; 1; 588; 686; 10765.659999999993; ((390, 393, 383), 31); 2869.9145010783923; 6; 107; 0; 433; 69
pglib_opf_case588_sdet; original; no_gci; 1; 588; 686; 10765.659999999993; ((390, 417, 384), 9); 3563.9833652583757; 10; 114; 0; 425; 76
pglib_opf_case588_sdet; original; no_gci; 1; 588; 686; 10765.659999999993; ((390, 364, 651), 22); 2869.9145010783923; 6; 107; 0; 433; 69
pglib_opf_case588_sdet; original; no_gci; 1; 588; 686; 10765.659999999993; ((391, 412, 385), 49); 3328.880161972874; 8; 108; 0; 424; 70
pglib_opf_case588_sdet; original; no_gci; 1; 588; 686; 10765.659999999993; ((391, 415, 386), 71); 3328.880161972874; 8; 108; 0; 424; 70
pglib_opf_case588_sdet; original; no_gci; 1; 588; 686; 10765.659999999993; ((415, 416, 670), 11); 2869.9145010783923; 6; 107; 0; 433; 69
pglib_opf_case588_sdet; original; no_gci; 1; 588; 686; 10765.659999999993; ((392, 405, 387), 23); 2869.9145010783923; 6; 107; 0; 433; 69
pglib_opf_case588_sdet; original; no_gci; 1; 588; 686; 10765.659999999993; ((392, 415, 388), 37); 3152.646204286777; 9; 106; 0; 433; 67
pglib_opf_case588_sdet; original; no_gci; 1; 588; 686; 10765.659999999993; ((395, 414, 391), 195); 3190.8462633313293; 6; 129; 0; 414; 84
pglib_opf_case588_sdet; original; no_gci; 1; 588; 686; 10765.659999999993; ((395, 411, 667), 18); 2869.9145010783923; 6; 107; 0; 433; 69
pglib_opf_case588_sdet; original; no_gci; 1; 588; 686; 10765.659999999993; ((395, 411, 668), 23); 2869.9145010783923; 6; 107; 0; 433; 69
pglib_opf_case588_sdet; original; no_gci; 1; 588; 686; 10765.659999999993; ((396, 398, 392), 12); 1678.4634725747583; 8; 60; 0; 467; 37
pglib_opf_case588_sdet; original; no_gci; 1; 588; 686; 10765.659999999993; ((396, 364, 652), 21); 2869.9145010783923; 6; 107; 0; 433; 69
pglib_opf_case588_sdet; original; no_gci; 1; 588; 686; 10765.659999999993; ((413, 415, 397), 360); 3184.4510877488765; 5; 88; 0; 506; 56
pglib_opf_case588_sdet; original; no_gci; 1; 588; 686; 10765.659999999993; ((418, 419, 398), 27); 3268.9378738756905; 8; 118; 0; 423; 76
pglib_opf_case588_sdet; original; no_gci; 1; 588; 686; 10765.659999999993; ((418, 422, 399), 80); 1224.0476832121458; 6; 32; 0; 536; 19
pglib_opf_case588_sdet; original; no_gci; 1; 588; 686; 10765.659999999993; ((418, 457, 671), 53); 1195.8203421401522; 6; 32; 0; 538; 19
pglib_opf_case588_sdet; original; no_gci; 1; 588; 686; 10765.659999999993; ((422, 423, 403), 170); 3349.6634508160178; 9; 108; 0; 504; 70
pglib_opf_case588_sdet; original; no_gci; 1; 588; 686; 10765.659999999993; ((422, 425, 404), 117); 1263.83995070528; 6; 32; 0; 537; 19
pglib_opf_case588_sdet; original; no_gci; 1; 588; 686; 10765.659999999993; ((422, 474, 673), 37); 2921.8862019875696; 8; 114; 0; 498; 74
pglib_opf_case588_sdet; original; no_gci; 1; 588; 686; 10765.659999999993; ((420, 421, 400), 285); 3451.4824085954424; 7; 124; 0; 403; 82
pglib_opf_case588_sdet; original; no_gci; 1; 588; 686; 10765.659999999993; ((420, 423, 401), 262); 3252.7711105967664; 7; 119; 0; 434; 78
pglib_opf_case588_sdet; original; no_gci; 1; 588; 686; 10765.659999999993; ((421, 557, 402), 270); 2778.803571585824; 6; 109; 0; 470; 73
pglib_opf_case588_sdet; original; no_gci; 1; 588; 686; 10765.659999999993; ((421, 467, 672), 21); 3124.4385064164608; 7; 116; 0; 421; 77
pglib_opf_case588_sdet; original; no_gci; 1; 588; 686; 10765.659999999993; ((424, 425, 405), 116); 1262.608057716434; 6; 32; 0; 538; 19
pglib_opf_case588_sdet; original; no_gci; 1; 588; 686; 10765.659999999993; ((426, 475, 406), 0); 2869.9145010783923; 6; 107; 0; 432; 70
pglib_opf_case588_sdet; original; no_gci; 1; 588; 686; 10765.659999999993; ((475, 484, 476), 36); 3534.243017534245; 8; 123; 0; 416; 80
pglib_opf_case588_sdet; original; no_gci; 1; 588; 686; 10765.659999999993; ((475, 509, 477), 66); 3147.8902563163674; 7; 115; 0; 457; 70
pglib_opf_case588_sdet; original; no_gci; 1; 588; 686; 10765.659999999993; ((475, 510, 478), 66); 3409.640081986756; 7; 119; 0; 443; 74
pglib_opf_case588_sdet; original; no_gci; 1; 588; 686; 10765.659999999993; ((427, 428, 407), 43); 1733.8469441550096; 5; 60; 0; 543; 37
pglib_opf_case588_sdet; original; no_gci; 1; 588; 686; 10765.659999999993; ((427, 493, 408), 43); 1733.8469441550096; 5; 60; 0; 544; 37
pglib_opf_case588_sdet; original; no_gci; 1; 588; 686; 10765.659999999993; ((428, 503, 409), 48); 1737.58721776912; 6; 60; 0; 542; 37
pglib_opf_case588_sdet; original; no_gci; 1; 588; 686; 10765.659999999993; ((429, 430, 410), 1); 2869.9145010783923; 6; 107; 0; 433; 69
pglib_opf_case588_sdet; original; no_gci; 1; 588; 686; 10765.659999999993; ((429, 463, 411), 4); 2869.9145010783923; 6; 107; 0; 433; 69
pglib_opf_case588_sdet; original; no_gci; 1; 588; 686; 10765.659999999993; ((430, 526, 412), 1); 2869.9145010783923; 6; 107; 0; 433; 69
pglib_opf_case588_sdet; original; no_gci; 1; 588; 686; 10765.659999999993; ((463, 513, 461), 43); 2777.9002833407076; 8; 121; 0; 470; 77
pglib_opf_case588_sdet; original; no_gci; 1; 588; 686; 10765.659999999993; ((432, 467, 414), 8); 2883.291981740871; 6; 105; 0; 434; 68
pglib_opf_case588_sdet; original; no_gci; 1; 588; 686; 10765.659999999993; ((467, 515, 468), 27); 2869.9145010783923; 6; 107; 0; 433; 69
pglib_opf_case588_sdet; original; no_gci; 1; 588; 686; 10765.659999999993; ((467, 516, 469), 5); 2877.3915753510255; 6; 105; 0; 434; 68
pglib_opf_case588_sdet; original; no_gci; 1; 588; 686; 10765.659999999993; ((433, 434, 415), 1); 2869.9145010783923; 6; 107; 0; 433; 69
pglib_opf_case588_sdet; original; no_gci; 1; 588; 686; 10765.659999999993; ((433, 463, 416), 3); 2869.9145010783923; 6; 107; 0; 433; 69
pglib_opf_case588_sdet; original; no_gci; 1; 588; 686; 10765.659999999993; ((434, 530, 417), 2); 2869.9145010783923; 6; 107; 0; 433; 69
pglib_opf_case588_sdet; original; no_gci; 1; 588; 686; 10765.659999999993; ((435, 436, 418), 0); 2869.9145010783923; 6; 107; 0; 433; 70
pglib_opf_case588_sdet; original; no_gci; 1; 588; 686; 10765.659999999993; ((435, 437, 419), 14); 3347.735420717494; 9; 122; 0; 418; 81
pglib_opf_case588_sdet; original; no_gci; 1; 588; 686; 10765.659999999993; ((437, 454, 420), 45); 1717.9374636680732; 7; 67; 0; 463; 43
pglib_opf_case588_sdet; original; no_gci; 1; 588; 686; 10765.659999999993; ((437, 513, 421), 59); 1703.5310588102948; 8; 64; 0; 468; 40
pglib_opf_case588_sdet; original; no_gci; 1; 588; 686; 10765.659999999993; ((438, 449, 422), 0); 2869.9145010783923; 6; 107; 0; 432; 70
pglib_opf_case588_sdet; original; no_gci; 1; 588; 686; 10765.659999999993; ((438, 473, 423), 5); 2877.7329207060757; 6; 105; 0; 434; 68
pglib_opf_case588_sdet; original; no_gci; 1; 588; 686; 10765.659999999993; ((438, 498, 424), 25); 3370.472082543364; 8; 127; 0; 413; 82
pglib_opf_case588_sdet; original; no_gci; 1; 588; 686; 10765.659999999993; ((438, 501, 425), 12); 2869.9145010783923; 6; 107; 0; 433; 69
pglib_opf_case588_sdet; original; no_gci; 1; 588; 686; 10765.659999999993; ((438, 515, 426), 22); 2869.9145010783923; 6; 107; 0; 433; 69
pglib_opf_case588_sdet; original; no_gci; 1; 588; 686; 10765.659999999993; ((498, 499, 499), 22); 3366.5580315141005; 8; 127; 0; 414; 82
pglib_opf_case588_sdet; original; no_gci; 1; 588; 686; 10765.659999999993; ((501, 522, 501), 12); 2869.9145010783923; 6; 107; 0; 433; 69
pglib_opf_case588_sdet; original; no_gci; 1; 588; 686; 10765.659999999993; ((439, 440, 427), 17); 3728.658259013345; 7; 121; 0; 417; 77
pglib_opf_case588_sdet; original; no_gci; 1; 588; 686; 10765.659999999993; ((439, 455, 428), 5); 2878.415611588971; 6; 105; 0; 434; 68
pglib_opf_case588_sdet; original; no_gci; 1; 588; 686; 10765.659999999993; ((439, 476, 429), 18); 3198.395417661669; 8; 121; 0; 406; 80
pglib_opf_case588_sdet; original; no_gci; 1; 588; 686; 10765.659999999993; ((439, 509, 430), 62); 3147.8902563163674; 7; 115; 0; 457; 70
pglib_opf_case588_sdet; original; no_gci; 1; 588; 686; 10765.659999999993; ((439, 518, 431), 30); 2970.621003321433; 7; 115; 0; 447; 73
pglib_opf_case588_sdet; original; no_gci; 1; 588; 686; 10765.659999999993; ((440, 468, 432), 76); 1364.869752878727; 6; 39; 0; 569; 20
pglib_opf_case588_sdet; original; no_gci; 1; 588; 686; 10765.659999999993; ((440, 491, 433), 3); 3204.7874864517; 6; 112; 0; 424; 72
pglib_opf_case588_sdet; original; no_gci; 1; 588; 686; 10765.659999999993; ((440, 510, 434), 62); 3402.2939871423714; 7; 119; 0; 443; 74
pglib_opf_case588_sdet; original; no_gci; 1; 588; 686; 10765.659999999993; ((476, 477, 479), 9); 2884.6736220892744; 6; 105; 0; 429; 68
pglib_opf_case588_sdet; original; no_gci; 1; 588; 686; 10765.659999999993; ((441, 442, 435), 5); 2878.789466217724; 6; 105; 0; 434; 68
pglib_opf_case588_sdet; original; no_gci; 1; 588; 686; 10765.659999999993; ((442, 445, 436), 33); 3142.0108284500657; 8; 121; 0; 416; 79
pglib_opf_case588_sdet; original; no_gci; 1; 588; 686; 10765.659999999993; ((442, 475, 437), 38); 3147.4310925925856; 8; 122; 0; 415; 80
pglib_opf_case588_sdet; original; no_gci; 1; 588; 686; 10765.659999999993; ((445, 446, 445), 0); 2869.9145010783923; 6; 107; 0; 432; 70
pglib_opf_case588_sdet; original; no_gci; 1; 588; 686; 10765.659999999993; ((445, 467, 446), 26); 2941.082767814176; 6; 108; 0; 414; 70
pglib_opf_case588_sdet; original; no_gci; 1; 588; 686; 10765.659999999993; ((445, 520, 447), 0); 2869.9145010783923; 6; 107; 0; 432; 70
pglib_opf_case588_sdet; original; no_gci; 1; 588; 686; 10765.659999999993; ((443, 467, 438), 26); 2869.9145010783923; 6; 107; 0; 433; 69
pglib_opf_case588_sdet; original; no_gci; 1; 588; 686; 10765.659999999993; ((443, 522, 439), 16); 2869.9145010783923; 6; 107; 0; 433; 69
pglib_opf_case588_sdet; original; no_gci; 1; 588; 686; 10765.659999999993; ((444, 445, 440), 7); 2869.9145010783923; 6; 107; 0; 433; 69
pglib_opf_case588_sdet; original; no_gci; 1; 588; 686; 10765.659999999993; ((444, 447, 441), 0); 2869.9145010783923; 6; 107; 0; 432; 70
pglib_opf_case588_sdet; original; no_gci; 1; 588; 686; 10765.659999999993; ((444, 459, 442), 3); 2874.433251352798; 6; 105; 0; 434; 68
pglib_opf_case588_sdet; original; no_gci; 1; 588; 686; 10765.659999999993; ((444, 467, 443), 25); 2941.082767814176; 6; 108; 0; 414; 70
pglib_opf_case588_sdet; original; no_gci; 1; 588; 686; 10765.659999999993; ((444, 485, 444), 21); 3519.6599259126997; 8; 123; 0; 416; 80
pglib_opf_case588_sdet; original; no_gci; 1; 588; 686; 10765.659999999993; ((448, 467, 448), 0); 2869.9145010783923; 6; 107; 0; 432; 70
pglib_opf_case588_sdet; original; no_gci; 1; 588; 686; 10765.659999999993; ((450, 451, 449), 53); 3114.3300607666597; 7; 110; 0; 472; 68
pglib_opf_case588_sdet; original; no_gci; 1; 588; 686; 10765.659999999993; ((450, 463, 450), 53); 3114.3300607666597; 7; 110; 0; 473; 68
pglib_opf_case588_sdet; original; no_gci; 1; 588; 686; 10765.659999999993; ((451, 505, 451), 54); 3116.06467525437; 7; 111; 0; 471; 69
pglib_opf_case588_sdet; original; no_gci; 1; 588; 686; 10765.659999999993; ((452, 453, 452), 4); 3164.5119222752655; 7; 115; 0; 455; 71
pglib_opf_case588_sdet; original; no_gci; 1; 588; 686; 10765.659999999993; ((453, 474, 453), 50); 3254.1009798941714; 9; 107; 0; 511; 69
pglib_opf_case588_sdet; original; no_gci; 1; 588; 686; 10765.659999999993; ((453, 497, 454), 46); 3246.457784740761; 9; 107; 0; 513; 69
pglib_opf_case588_sdet; original; no_gci; 1; 588; 686; 10765.659999999993; ((474, 512, 475), 65); 3161.907088561983; 7; 116; 0; 452; 73
pglib_opf_case588_sdet; original; no_gci; 1; 588; 686; 10765.659999999993; ((490, 491, 495), 7); 2869.603740903236; 6; 109; 0; 430; 70
pglib_opf_case588_sdet; original; no_gci; 1; 588; 686; 10765.659999999993; ((458, 467, 456), 6); 2879.667212139432; 6; 105; 0; 434; 68
pglib_opf_case588_sdet; original; no_gci; 1; 588; 686; 10765.659999999993; ((460, 497, 457), 39); 3234.0993873808247; 9; 107; 0; 515; 69
pglib_opf_case588_sdet; original; no_gci; 1; 588; 686; 10765.659999999993; ((461, 462, 458), 0); 2870.1865730412064; 6; 106; 0; 434; 69
pglib_opf_case588_sdet; original; no_gci; 1; 588; 686; 10765.659999999993; ((462, 474, 459), 54); 1743.1972801811335; 6; 60; 0; 538; 37
pglib_opf_case588_sdet; original; no_gci; 1; 588; 686; 10765.659999999993; ((462, 502, 460), 54); 1742.8215413035086; 6; 60; 0; 540; 37
pglib_opf_case588_sdet; original; no_gci; 1; 588; 686; 10765.659999999993; ((502, 503, 502), 48); 1737.58721776912; 6; 60; 0; 541; 37
pglib_opf_case588_sdet; original; no_gci; 1; 588; 686; 10765.659999999993; ((464, 474, 462), 74); 2776.4687511066286; 8; 116; 0; 466; 75
pglib_opf_case588_sdet; original; no_gci; 1; 588; 686; 10765.659999999993; ((464, 481, 463), 65); 3155.5707361951945; 7; 114; 0; 472; 70
pglib_opf_case588_sdet; original; no_gci; 1; 588; 686; 10765.659999999993; ((464, 487, 464), 25); 2731.9854310963256; 8; 112; 0; 493; 70
pglib_opf_case588_sdet; original; no_gci; 1; 588; 686; 10765.659999999993; ((464, 528, 465), 29); 3018.025589066412; 8; 119; 0; 471; 76
pglib_opf_case588_sdet; original; no_gci; 1; 588; 686; 10765.659999999993; ((481, 513, 489), 62); 3152.6968244152104; 7; 114; 0; 470; 70
pglib_opf_case588_sdet; original; no_gci; 1; 588; 686; 10765.659999999993; ((465, 466, 466), 0); 2870.6134437945584; 6; 105; 0; 434; 68
pglib_opf_case588_sdet; original; no_gci; 1; 588; 686; 10765.659999999993; ((465, 534, 467), 9); 2883.812128584691; 6; 105; 0; 433; 68
pglib_opf_case588_sdet; original; no_gci; 1; 588; 686; 10765.659999999993; ((469, 470, 470), 35); 3559.6213607883774; 10; 113; 0; 426; 75
pglib_opf_case588_sdet; original; no_gci; 1; 588; 686; 10765.659999999993; ((469, 478, 471), 37); 2318.0470203142104; 7; 94; 0; 438; 62
pglib_opf_case588_sdet; original; no_gci; 1; 588; 686; 10765.659999999993; ((470, 531, 472), 34); 3559.8384702438843; 10; 113; 0; 426; 75
pglib_opf_case588_sdet; original; no_gci; 1; 588; 686; 10765.659999999993; ((478, 479, 481), 54); 3229.6736355019902; 7; 119; 0; 473; 74
pglib_opf_case588_sdet; original; no_gci; 1; 588; 686; 10765.659999999993; ((478, 488, 482), 1); 2870.1852262499697; 6; 105; 0; 435; 68
pglib_opf_case588_sdet; original; no_gci; 1; 588; 686; 10765.659999999993; ((478, 524, 483), 16); 3279.4202475709762; 7; 117; 0; 486; 72
pglib_opf_case588_sdet; original; no_gci; 1; 588; 686; 10765.659999999993; ((471, 472, 473), 7); 2880.528703877485; 6; 105; 0; 434; 68
pglib_opf_case588_sdet; original; no_gci; 1; 588; 686; 10765.659999999993; ((472, 499, 474), 16); 3172.9998661803256; 7; 115; 0; 454; 71
pglib_opf_case588_sdet; original; no_gci; 1; 588; 686; 10765.659999999993; ((484, 485, 492), 29); 3527.909448810933; 8; 123; 0; 416; 80
pglib_opf_case588_sdet; original; no_gci; 1; 588; 686; 10765.659999999993; ((477, 534, 480), 9); 2884.6736220892744; 6; 105; 0; 430; 68
pglib_opf_case588_sdet; original; no_gci; 1; 588; 686; 10765.659999999993; ((527, 528, 516), 17); 3156.636742546166; 7; 115; 0; 456; 71
pglib_opf_case588_sdet; original; no_gci; 1; 588; 686; 10765.659999999993; ((529, 530, 517), 5); 3156.538076498736; 7; 119; 0; 456; 74
pglib_opf_case588_sdet; original; no_gci; 1; 588; 686; 10765.659999999993; ((480, 481, 488), 3); 2871.119668737282; 6; 105; 0; 435; 68
pglib_opf_case588_sdet; original; no_gci; 1; 588; 686; 10765.659999999993; ((483, 494, 491), 62); 2734.717033329951; 6; 98; 0; 516; 61
pglib_opf_case588_sdet; original; no_gci; 1; 588; 686; 10765.659999999993; ((494, 495, 497), 31); 2328.243218062087; 6; 74; 0; 536; 45
pglib_opf_case588_sdet; original; no_gci; 1; 588; 686; 10765.659999999993; ((486, 487, 493), 25); 2731.9854310963256; 8; 112; 0; 494; 70
pglib_opf_case588_sdet; original; no_gci; 1; 588; 686; 10765.659999999993; ((486, 494, 494), 26); 2732.2015913895357; 8; 112; 0; 495; 70
pglib_opf_case588_sdet; original; no_gci; 1; 588; 686; 10765.659999999993; ((492, 493, 496), 3); 2871.54060527224; 6; 105; 0; 435; 68
pglib_opf_case588_sdet; original; no_gci; 1; 588; 686; 10765.659999999993; ((496, 497, 498), 7); 3174.8313527344926; 7; 118; 0; 451; 75
pglib_opf_case588_sdet; original; no_gci; 1; 588; 686; 10765.659999999993; ((500, 501, 500), 0); 2869.9145010783923; 6; 107; 0; 432; 70
pglib_opf_case588_sdet; original; no_gci; 1; 588; 686; 10765.659999999993; ((504, 505, 503), 59); 3123.488825261782; 7; 111; 0; 470; 69
pglib_opf_case588_sdet; original; no_gci; 1; 588; 686; 10765.659999999993; ((504, 506, 504), 63); 3158.3858211519255; 7; 116; 0; 455; 73
pglib_opf_case588_sdet; original; no_gci; 1; 588; 686; 10765.659999999993; ((506, 511, 505), 63); 3158.3858211519255; 7; 116; 0; 454; 73
pglib_opf_case588_sdet; original; no_gci; 1; 588; 686; 10765.659999999993; ((511, 512, 508), 64); 3159.6867820177085; 7; 116; 0; 453; 73
pglib_opf_case588_sdet; original; no_gci; 1; 588; 686; 10765.659999999993; ((507, 509, 506), 4); 2875.831140175622; 6; 105; 0; 434; 68
pglib_opf_case588_sdet; original; no_gci; 1; 588; 686; 10765.659999999993; ((508, 510, 507), 4); 2876.855175623735; 6; 105; 0; 434; 68
pglib_opf_case588_sdet; original; no_gci; 1; 588; 686; 10765.659999999993; ((514, 515, 510), 5); 2877.3915753510255; 6; 105; 0; 434; 68
pglib_opf_case588_sdet; original; no_gci; 1; 588; 686; 10765.659999999993; ((517, 518, 511), 12); 2889.7288083591548; 6; 105; 0; 434; 68
pglib_opf_case588_sdet; original; no_gci; 1; 588; 686; 10765.659999999993; ((521, 522, 512), 4); 2876.1724852674097; 6; 105; 0; 434; 68
pglib_opf_case588_sdet; original; no_gci; 1; 588; 686; 10765.659999999993; ((523, 524, 513), 9); 3273.923617115008; 7; 115; 0; 461; 70
pglib_opf_case588_sdet; original; no_gci; 1; 588; 686; 10765.659999999993; ((523, 525, 514), 3); 3156.538076498736; 7; 120; 0; 456; 75
pglib_opf_case588_sdet; original; no_gci; 1; 588; 686; 10765.659999999993; ((525, 526, 515), 1); 2869.9145010783923; 6; 107; 0; 433; 69
pglib_opf_case588_sdet; original; no_gci; 1; 588; 686; 10765.659999999993; ((532, 533, 518), 0); 2869.9145010783923; 6; 107; 0; 432; 70
pglib_opf_case588_sdet; original; no_gci; 1; 588; 686; 10765.659999999993; ((532, 534, 519), 1); 2870.7759886502536; 6; 105; 0; 433; 68
pglib_opf_case588_sdet; original; no_gci; 1; 588; 686; 10765.659999999993; ((535, 544, 520), 61); 2467.0298679659063; 6; 104; 0; 433; 68
pglib_opf_case588_sdet; original; no_gci; 1; 588; 686; 10765.659999999993; ((535, 578, 675), 61); 2467.0298679659063; 6; 104; 0; 433; 68
pglib_opf_case588_sdet; original; no_gci; 1; 588; 686; 10765.659999999993; ((544, 553, 534), 21); 3144.1262116187936; 8; 123; 0; 410; 79
pglib_opf_case588_sdet; original; no_gci; 1; 588; 686; 10765.659999999993; ((536, 545, 521), 48); 3330.415334573735; 8; 121; 0; 417; 80
pglib_opf_case588_sdet; original; no_gci; 1; 588; 686; 10765.659999999993; ((545, 554, 535), 79); 3195.2761961670667; 6; 112; 0; 425; 71
pglib_opf_case588_sdet; original; no_gci; 1; 588; 686; 10765.659999999993; ((537, 538, 522), 46); 3084.742741881879; 6; 113; 0; 424; 74
pglib_opf_case588_sdet; original; no_gci; 1; 588; 686; 10765.659999999993; ((537, 539, 523), 83); 3005.6153755383575; 6; 114; 0; 456; 69
pglib_opf_case588_sdet; original; no_gci; 1; 588; 686; 10765.659999999993; ((537, 542, 524), 236); 3872.1303704302118; 6; 118; 0; 424; 76
pglib_opf_case588_sdet; original; no_gci; 1; 588; 686; 10765.659999999993; ((538, 544, 525), 202); 3101.4209323044442; 7; 114; 0; 453; 74
pglib_opf_case588_sdet; original; no_gci; 1; 588; 686; 10765.659999999993; ((538, 549, 526), 139); 3304.236655694742; 6; 126; 0; 410; 83
pglib_opf_case588_sdet; original; no_gci; 1; 588; 686; 10765.659999999993; ((538, 572, 676), 109); 3251.237864679316; 7; 109; 0; 503; 69
pglib_opf_case588_sdet; original; no_gci; 1; 588; 686; 10765.659999999993; ((539, 540, 527), 111); 3049.8050864968864; 6; 108; 0; 434; 69
pglib_opf_case588_sdet; original; no_gci; 1; 588; 686; 10765.659999999993; ((539, 545, 528), 298); 3855.453804537632; 6; 143; 0; 431; 91
pglib_opf_case588_sdet; original; no_gci; 1; 588; 686; 10765.659999999993; ((542, 580, 679), 37); 2767.1705531648204; 8; 118; 0; 456; 76
pglib_opf_case588_sdet; original; no_gci; 1; 588; 686; 10765.659999999993; ((549, 550, 541), 68); 2375.745258199644; 9; 98; 0; 435; 66
pglib_opf_case588_sdet; original; no_gci; 1; 588; 686; 10765.659999999993; ((540, 544, 529), 220); 3524.030868705533; 7; 115; 0; 457; 74
pglib_opf_case588_sdet; original; no_gci; 1; 588; 686; 10765.659999999993; ((540, 559, 530), 227); 2912.65404772056; 8; 77; 0; 544; 50
pglib_opf_case588_sdet; original; no_gci; 1; 588; 686; 10765.659999999993; ((540, 577, 677), 104); 1807.8634917411418; 6; 73; 0; 434; 46
pglib_opf_case588_sdet; original; no_gci; 1; 588; 686; 10765.659999999993; ((541, 542, 531), 273); 3548.5363764874674; 7; 120; 0; 497; 76
pglib_opf_case588_sdet; original; no_gci; 1; 588; 686; 10765.659999999993; ((541, 545, 532), 187); 3911.3223614657763; 8; 122; 0; 491; 78
pglib_opf_case588_sdet; original; no_gci; 1; 588; 686; 10765.659999999993; ((541, 579, 678), 86); 2578.3964757755903; 7; 105; 0; 425; 69
pglib_opf_case588_sdet; original; no_gci; 1; 588; 686; 10765.659999999993; ((546, 547, 536), 673); 3610.5598172492855; 10; 112; 0; 501; 74
pglib_opf_case588_sdet; original; no_gci; 1; 588; 686; 10765.659999999993; ((546, 548, 537), 209); 3104.809814584838; 6; 133; 0; 409; 86
pglib_opf_case588_sdet; original; no_gci; 1; 588; 686; 10765.659999999993; ((546, 558, 538), 109); 1813.530006964087; 6; 73; 0; 434; 46
pglib_opf_case588_sdet; original; no_gci; 1; 588; 686; 10765.659999999993; ((546, 544, 680), 297); 3543.748103402567; 8; 121; 0; 444; 75
pglib_opf_case588_sdet; original; no_gci; 1; 588; 686; 10765.659999999993; ((553, 554, 544), 111); 4868.353941255711; 10; 134; 0; 389; 87
pglib_opf_case588_sdet; original; no_gci; 1; 588; 686; 10765.659999999993; ((553, 557, 545), 270); 2778.803571585824; 6; 109; 0; 470; 73
pglib_opf_case588_sdet; original; no_gci; 1; 588; 686; 10765.659999999993; ((547, 556, 539), 290); 3309.3761525477366; 8; 112; 0; 500; 75
pglib_opf_case588_sdet; original; no_gci; 1; 588; 686; 10765.659999999993; ((547, 545, 681), 178); 3508.278227890836; 8; 125; 0; 406; 80
pglib_opf_case588_sdet; original; no_gci; 1; 588; 686; 10765.659999999993; ((547, 569, 682), 79); 3153.384008424933; 9; 107; 0; 432; 68
pglib_opf_case588_sdet; original; no_gci; 1; 588; 686; 10765.659999999993; ((555, 556, 546), 36); 2869.9145010783923; 6; 107; 0; 433; 69
pglib_opf_case588_sdet; original; no_gci; 1; 588; 686; 10765.659999999993; ((555, 553, 683), 191); 3655.201225477097; 8; 116; 0; 417; 72
pglib_opf_case588_sdet; original; no_gci; 1; 588; 686; 10765.659999999993; ((551, 552, 542), 14); 3285.8570674999064; 8; 120; 0; 418; 79
pglib_opf_case588_sdet; original; no_gci; 1; 588; 686; 10765.659999999993; ((551, 553, 543), 53); 2225.8780798101816; 7; 97; 0; 440; 64
pglib_opf_case588_sdet; original; no_gci; 1; 588; 686; 10765.659999999993; ((560, 563, 547), 5); 2876.127677189049; 6; 105; 0; 432; 68
pglib_opf_case588_sdet; original; no_gci; 1; 588; 686; 10765.659999999993; ((560, 587, 548), 2); 2871.7222647864; 6; 105; 0; 433; 68
pglib_opf_case588_sdet; original; no_gci; 1; 588; 686; 10765.659999999993; ((561, 572, 549), 2); 2872.5117625659677; 6; 105; 0; 434; 68
pglib_opf_case588_sdet; original; no_gci; 1; 588; 686; 10765.659999999993; ((562, 563, 550), 10); 2881.208942578878; 6; 105; 0; 431; 68
pglib_opf_case588_sdet; original; no_gci; 1; 588; 686; 10765.659999999993; ((562, 578, 551), 11); 2883.0173315404636; 6; 105; 0; 430; 68
pglib_opf_case588_sdet; original; no_gci; 1; 588; 686; 10765.659999999993; ((578, 582, 564), 44); 2217.706750092142; 6; 109; 0; 420; 73
pglib_opf_case588_sdet; original; no_gci; 1; 588; 686; 10765.659999999993; ((565, 566, 553), 21); 3158.9499882557066; 8; 115; 0; 424; 75
pglib_opf_case588_sdet; original; no_gci; 1; 588; 686; 10765.659999999993; ((565, 567, 554), 7); 3201.167282554282; 7; 117; 0; 428; 74
pglib_opf_case588_sdet; original; no_gci; 1; 588; 686; 10765.659999999993; ((566, 575, 555), 40); 3227.4093050720203; 8; 112; 0; 426; 74
pglib_opf_case588_sdet; original; no_gci; 1; 588; 686; 10765.659999999993; ((567, 568, 556), 267); 2938.8514100565208; 10; 95; 0; 449; 59
pglib_opf_case588_sdet; original; no_gci; 1; 588; 686; 10765.659999999993; ((567, 585, 557), 39); 3319.461334714939; 8; 120; 0; 417; 79
pglib_opf_case588_sdet; original; no_gci; 1; 588; 686; 10765.659999999993; ((567, 569, 685), 299); 2286.718434385577; 9; 100; 0; 435; 66
pglib_opf_case588_sdet; original; no_gci; 1; 588; 686; 10765.659999999993; ((570, 574, 558), 73); 1721.5401996187156; 6; 70; 0; 459; 45
pglib_opf_case588_sdet; original; no_gci; 1; 588; 686; 10765.659999999993; ((570, 578, 559), 93); 1721.5401996187156; 6; 70; 0; 459; 45
pglib_opf_case588_sdet; original; no_gci; 1; 588; 686; 10765.659999999993; ((574, 575, 562), 54); 3500.859655683673; 10; 103; 0; 430; 64
pglib_opf_case588_sdet; original; no_gci; 1; 588; 686; 10765.659999999993; ((571, 585, 560), 36); 3316.0095774510455; 8; 120; 0; 418; 79
pglib_opf_case588_sdet; original; no_gci; 1; 588; 686; 10765.659999999993; ((573, 578, 561), 0); 2870.0861199107376; 6; 107; 0; 432; 70
pglib_opf_case588_sdet; original; no_gci; 1; 588; 686; 10765.659999999993; ((583, 584, 568), 88); 3387.4169740515163; 9; 111; 0; 428; 73
pglib_opf_case588_sdet; original; no_gci; 1; 588; 686; 10765.659999999993; ((579, 581, 565), 50); 2222.6403298145196; 6; 109; 0; 420; 73
pglib_opf_case588_sdet; original; no_gci; 1; 588; 686; 10765.659999999993; ((579, 584, 566), 90); 3396.429770268791; 9; 112; 0; 426; 74
pglib_opf_case588_sdet; original; no_gci; 1; 588; 686; 10765.659999999993; ((581, 582, 567), 46); 2219.681717305515; 6; 109; 0; 420; 73
pglib_opf_case588_sdet; original; no_gci; 1; 588; 686; 10765.659999999993; ((586, 587, 569), 1); 2871.2645936404806; 6; 105; 0; 434; 68
pglib_opf_case588_sdet; original; no_gci; 1; 588; 686; 10765.659999999993; ((5, 3, 571), 51); 1373.1680851791443; 5; 64; 0; 544; 41
pglib_opf_case588_sdet; original; no_gci; 1; 588; 686; 10765.659999999993; ((5, 22, 572), 51); 1373.1680851791443; 5; 64; 0; 544; 41
pglib_opf_case588_sdet; original; no_gci; 1; 588; 686; 10765.659999999993; ((5, 23, 573), 0); 2869.9145010783923; 6; 107; 0; 433; 70
pglib_opf_case588_sdet; original; no_gci; 1; 588; 686; 10765.659999999993; ((70, 68, 582), 37); 3137.78297796323; 8; 121; 0; 413; 78
pglib_opf_case588_sdet; original; no_gci; 1; 588; 686; 10765.659999999993; ((70, 87, 583), 37); 3137.78297796323; 8; 121; 0; 415; 78
pglib_opf_case588_sdet; original; no_gci; 1; 588; 686; 10765.659999999993; ((70, 88, 584), 0); 2869.9145010783923; 6; 107; 0; 432; 70
pglib_opf_case588_sdet; original; no_gci; 1; 588; 686; 10765.659999999993; ((133, 132, 595), 177); 2500.4682665270884; 6; 104; 0; 436; 65
pglib_opf_case588_sdet; original; no_gci; 1; 588; 686; 10765.659999999993; ((133, 146, 596), 177); 2500.4682665270884; 6; 104; 0; 436; 65
pglib_opf_case588_sdet; original; no_gci; 1; 588; 686; 10765.659999999993; ((133, 148, 597), 0); 2869.9145010783923; 6; 107; 0; 432; 70
pglib_opf_case588_sdet; original; no_gci; 1; 588; 686; 10765.659999999993; ((267, 326, 618), 7); 2882.710692433173; 6; 111; 0; 426; 74
pglib_opf_case588_sdet; original; no_gci; 1; 588; 686; 10765.659999999993; ((351, 380, 632), 0); 2869.9145010783923; 6; 107; 0; 432; 70
pglib_opf_case588_sdet; original; no_gci; 1; 588; 686; 10765.659999999993; ((354, 362, 639), 0); 2869.9145010783923; 6; 107; 0; 432; 70
pglib_opf_case588_sdet; original; no_gci; 1; 588; 686; 10765.659999999993; ((358, 369, 643), 0); 2869.9145010783923; 6; 107; 0; 432; 70
pglib_opf_case588_sdet; original; no_gci; 1; 588; 686; 10765.659999999993; ((397, 362, 648), 0); 2869.9145010783923; 6; 107; 0; 432; 70
pglib_opf_case588_sdet; original; no_gci; 1; 588; 686; 10765.659999999993; ((410, 362, 649), 0); 2869.9145010783923; 6; 107; 0; 430; 70
pglib_opf_case588_sdet; original; no_gci; 1; 588; 686; 10765.659999999993; ((410, 369, 655), 0); 2869.9145010783923; 6; 107; 0; 430; 70
pglib_opf_case588_sdet; original; no_gci; 1; 588; 686; 10765.659999999993; ((363, 401, 650), 0); 2869.9145010783923; 6; 107; 0; 432; 70
pglib_opf_case588_sdet; original; no_gci; 1; 588; 686; 10765.659999999993; ((368, 371, 653), 0); 2869.9145010783923; 6; 107; 0; 432; 70
pglib_opf_case588_sdet; original; no_gci; 1; 588; 686; 10765.659999999993; ((370, 369, 654), 0); 2869.9145010783923; 6; 107; 0; 432; 70
pglib_opf_case588_sdet; original; no_gci; 1; 588; 686; 10765.659999999993; ((387, 371, 656), 0); 2869.9145010783923; 6; 107; 0; 432; 70
pglib_opf_case588_sdet; original; no_gci; 1; 588; 686; 10765.659999999993; ((406, 380, 661), 0); 2869.9145010783923; 6; 107; 0; 433; 69
pglib_opf_case588_sdet; original; no_gci; 1; 588; 686; 10765.659999999993; ((406, 401, 669), 0); 2869.9145010783923; 6; 107; 0; 433; 69
