pglib_opf_case179_goc; original; no_gci; 1; 179; 263; 33940.499999999985; ((0, 1, 0), 668); 3062.672550648098; 4; 9; 0; 179; 7
pglib_opf_case179_goc; original; no_gci; 1; 179; 263; 33940.499999999985; ((0, 2, 217), 258); 2118.665993376242; 3; 8; 0; 179; 5
pglib_opf_case179_goc; original; no_gci; 1; 179; 263; 33940.499999999985; ((1, 6, 1), 668); 3062.672550648098; 4; 9; 0; 179; 7
pglib_opf_case179_goc; original; no_gci; 1; 179; 263; 33940.499999999985; ((6, 7, 7), 757); 2954.3916097124747; 3; 9; 0; 179; 6
pglib_opf_case179_goc; original; no_gci; 1; 179; 263; 33940.499999999985; ((6, 8, 8), 34); 4.994944902136922e-08; 1; 1; 0; 179; 1
pglib_opf_case179_goc; original; no_gci; 1; 179; 263; 33940.499999999985; ((6, 8, 9), 34); 4.994944902136922e-08; 1; 1; 0; 179; 1
pglib_opf_case179_goc; original; no_gci; 1; 179; 263; 33940.499999999985; ((6, 15, 10), 316); 2218.992874553911; 4; 7; 0; 179; 4
pglib_opf_case179_goc; original; no_gci; 1; 179; 263; 33940.499999999985; ((3, 4, 2), 183); 1697.6750573175268; 4; 7; 0; 179; 4
pglib_opf_case179_goc; original; no_gci; 1; 179; 263; 33940.499999999985; ((3, 9, 3), 1336); 3876.173959626307; 3; 8; 0; 179; 5
pglib_opf_case179_goc; original; no_gci; 1; 179; 263; 33940.499999999985; ((3, 158, 5), 44); 5.001493263989687e-08; 3; 3; 0; 179; 1
pglib_opf_case179_goc; original; no_gci; 1; 179; 263; 33940.499999999985; ((15, 3, 4), 291); 2176.2183534629658; 5; 7; 0; 179; 4
pglib_opf_case179_goc; original; no_gci; 1; 179; 263; 33940.499999999985; ((15, 16, 222), 485); 2497.6803691103487; 3; 8; 0; 179; 5
pglib_opf_case179_goc; original; no_gci; 1; 179; 263; 33940.499999999985; ((158, 164, 208), 132); 1755.0058670459111; 5; 7; 0; 179; 3
pglib_opf_case179_goc; original; no_gci; 1; 179; 263; 33940.499999999985; ((158, 164, 209), 129); 1755.0058670459111; 5; 7; 0; 179; 3
pglib_opf_case179_goc; original; no_gci; 1; 179; 263; 33940.499999999985; ((5, 26, 6), 562); 2044.5697537737142; 3; 6; 0; 179; 4
pglib_opf_case179_goc; original; no_gci; 1; 179; 263; 33940.499999999985; ((5, 6, 218), 281); 4.994944902136922e-08; 1; 1; 0; 179; 1
pglib_opf_case179_goc; original; no_gci; 1; 179; 263; 33940.499999999985; ((5, 6, 219), 281); 4.994944902136922e-08; 1; 1; 0; 179; 1
pglib_opf_case179_goc; original; no_gci; 1; 179; 263; 33940.499999999985; ((26, 27, 30), 562); 2044.5697537737142; 3; 6; 0; 179; 4
pglib_opf_case179_goc; original; no_gci; 1; 179; 263; 33940.499999999985; ((161, 6, 11), 337); 2160.9921555013134; 5; 7; 0; 179; 4
pglib_opf_case179_goc; original; no_gci; 1; 179; 263; 33940.499999999985; ((10, 18, 12), 165); 4.994944902136922e-08; 1; 1; 0; 179; 1
pglib_opf_case179_goc; original; no_gci; 1; 179; 263; 33940.499999999985; ((10, 20, 13), 82); 4.997127689421177e-08; 2; 2; 0; 179; 1
pglib_opf_case179_goc; original; no_gci; 1; 179; 263; 33940.499999999985; ((10, 137, 14), 552); 4.994944902136922e-08; 1; 1; 0; 179; 1
pglib_opf_case179_goc; original; no_gci; 1; 179; 263; 33940.499999999985; ((10, 11, 220), 510); 2539.4031240763325; 3; 8; 0; 179; 5
pglib_opf_case179_goc; original; no_gci; 1; 179; 263; 33940.499999999985; ((18, 19, 25), 165); 4.994944902136922e-08; 1; 1; 0; 179; 1
pglib_opf_case179_goc; original; no_gci; 1; 179; 263; 33940.499999999985; ((20, 21, 26), 82); 4.997127689421177e-08; 2; 2; 0; 179; 1
pglib_opf_case179_goc; original; no_gci; 1; 179; 263; 33940.499999999985; ((137, 62, 81), 529); 7446.043704221658; 8; 45; 0; 162; 22
pglib_opf_case179_goc; original; no_gci; 1; 179; 263; 33940.499999999985; ((137, 62, 82), 529); 7446.043704221658; 8; 45; 0; 162; 22
pglib_opf_case179_goc; original; no_gci; 1; 179; 263; 33940.499999999985; ((137, 140, 175), 589); 4.997127689421177e-08; 2; 2; 0; 179; 1
pglib_opf_case179_goc; original; no_gci; 1; 179; 263; 33940.499999999985; ((19, 12, 15), 165); 4.994944902136922e-08; 1; 1; 0; 179; 1
pglib_opf_case179_goc; original; no_gci; 1; 179; 263; 33940.499999999985; ((12, 22, 16), 201); 4.997127689421177e-08; 2; 2; 0; 179; 1
pglib_opf_case179_goc; original; no_gci; 1; 179; 263; 33940.499999999985; ((12, 24, 17), 196); 4.994944902136922e-08; 1; 1; 0; 179; 1
pglib_opf_case179_goc; original; no_gci; 1; 179; 263; 33940.499999999985; ((22, 23, 27), 201); 4.997127689421177e-08; 2; 2; 0; 179; 1
pglib_opf_case179_goc; original; no_gci; 1; 179; 263; 33940.499999999985; ((24, 25, 28), 196); 4.994944902136922e-08; 1; 1; 0; 179; 1
pglib_opf_case179_goc; original; no_gci; 1; 179; 263; 33940.499999999985; ((27, 12, 18), 562); 2044.5697537737142; 3; 6; 0; 179; 4
pglib_opf_case179_goc; original; no_gci; 1; 179; 263; 33940.499999999985; ((14, 17, 19), 22); 4.994944902136922e-08; 1; 1; 0; 179; 1
pglib_opf_case179_goc; original; no_gci; 1; 179; 263; 33940.499999999985; ((14, 17, 20), 22); 4.994944902136922e-08; 1; 1; 0; 179; 1
pglib_opf_case179_goc; original; no_gci; 1; 179; 263; 33940.499999999985; ((14, 134, 21), 520); 4.997127689421177e-08; 2; 2; 0; 179; 1
pglib_opf_case179_goc; original; no_gci; 1; 179; 263; 33940.499999999985; ((14, 134, 22), 520); 4.997127689421177e-08; 2; 2; 0; 179; 1
pglib_opf_case179_goc; original; no_gci; 1; 179; 263; 33940.499999999985; ((14, 13, 221), 1519); 4044.3412002230652; 2; 8; 0; 179; 5
pglib_opf_case179_goc; original; no_gci; 1; 179; 263; 33940.499999999985; ((134, 150, 172), 625); 6697.616154717874; 7; 38; 0; 164; 19
pglib_opf_case179_goc; original; no_gci; 1; 179; 263; 33940.499999999985; ((21, 17, 23), 82); 4.997127689421177e-08; 2; 2; 0; 179; 1
pglib_opf_case179_goc; original; no_gci; 1; 179; 263; 33940.499999999985; ((23, 17, 24), 201); 4.997127689421177e-08; 2; 2; 0; 179; 1
pglib_opf_case179_goc; original; no_gci; 1; 179; 263; 33940.499999999985; ((25, 137, 29), 196); 4.994944902136922e-08; 1; 1; 0; 179; 1
pglib_opf_case179_goc; original; no_gci; 1; 179; 263; 33940.499999999985; ((29, 30, 31), 288); 1774.947579849384; 3; 4; 0; 179; 4
pglib_opf_case179_goc; original; no_gci; 1; 179; 263; 33940.499999999985; ((29, 78, 32), 315); 315.0800000499876; 2; 2; 0; 179; 2
pglib_opf_case179_goc; original; no_gci; 1; 179; 263; 33940.499999999985; ((29, 28, 223), 2979); 6969.41189711617; 3; 10; 0; 176; 8
pglib_opf_case179_goc; original; no_gci; 1; 179; 263; 33940.499999999985; ((30, 31, 224), 288); 1774.947579849384; 3; 4; 0; 179; 4
pglib_opf_case179_goc; original; no_gci; 1; 179; 263; 33940.499999999985; ((78, 76, 100), 1852); 4.994944902136922e-08; 1; 1; 0; 179; 1
pglib_opf_case179_goc; original; no_gci; 1; 179; 263; 33940.499999999985; ((78, 76, 101), 1852); 4.994944902136922e-08; 1; 1; 0; 179; 1
pglib_opf_case179_goc; original; no_gci; 1; 179; 263; 33940.499999999985; ((78, 77, 243), 5679); 9270.758595830237; 4; 13; 0; 177; 9
pglib_opf_case179_goc; original; no_gci; 1; 179; 263; 33940.499999999985; ((31, 32, 33), 288); 1774.947579849384; 3; 4; 0; 179; 4
pglib_opf_case179_goc; original; no_gci; 1; 179; 263; 33940.499999999985; ((32, 33, 34), 1404); 4815.764110379911; 5; 9; 0; 176; 6
pglib_opf_case179_goc; original; no_gci; 1; 179; 263; 33940.499999999985; ((83, 34, 35), 964); 963.8900000499634; 1; 1; 0; 179; 2
pglib_opf_case179_goc; original; no_gci; 1; 179; 263; 33940.499999999985; ((35, 36, 36), 341); 4.997127689421177e-08; 2; 2; 0; 179; 1
pglib_opf_case179_goc; original; no_gci; 1; 179; 263; 33940.499999999985; ((35, 54, 37), 441); 4.997127689421177e-08; 2; 2; 0; 179; 1
pglib_opf_case179_goc; original; no_gci; 1; 179; 263; 33940.499999999985; ((35, 62, 38), 31); 4.994944902136922e-08; 1; 1; 0; 179; 1
pglib_opf_case179_goc; original; no_gci; 1; 179; 263; 33940.499999999985; ((35, 62, 39), 31); 4.994944902136922e-08; 1; 1; 0; 179; 1
pglib_opf_case179_goc; original; no_gci; 1; 179; 263; 33940.499999999985; ((36, 46, 225), 341); 4.997127689421177e-08; 2; 2; 0; 179; 1
pglib_opf_case179_goc; original; no_gci; 1; 179; 263; 33940.499999999985; ((54, 53, 232), 220); 4.994944902136922e-08; 1; 1; 0; 179; 1
pglib_opf_case179_goc; original; no_gci; 1; 179; 263; 33940.499999999985; ((54, 53, 233), 220); 4.994944902136922e-08; 1; 1; 0; 179; 1
pglib_opf_case179_goc; original; no_gci; 1; 179; 263; 33940.499999999985; ((62, 47, 65), 263); 4.997127689421177e-08; 2; 2; 0; 179; 1
pglib_opf_case179_goc; original; no_gci; 1; 179; 263; 33940.499999999985; ((62, 61, 235), 119); 4.997127689421177e-08; 2; 2; 0; 179; 1
pglib_opf_case179_goc; original; no_gci; 1; 179; 263; 33940.499999999985; ((37, 38, 40), 31); 890.6395915186004; 2; 2; 0; 179; 3
pglib_opf_case179_goc; original; no_gci; 1; 179; 263; 33940.499999999985; ((37, 44, 41), 15); 4.994944902136922e-08; 1; 1; 0; 179; 1
pglib_opf_case179_goc; original; no_gci; 1; 179; 263; 33940.499999999985; ((37, 46, 42), 10); 4.994944902136922e-08; 1; 1; 0; 179; 1
pglib_opf_case179_goc; original; no_gci; 1; 179; 263; 33940.499999999985; ((37, 57, 43), 16); 4.994944902136922e-08; 1; 1; 0; 179; 1
pglib_opf_case179_goc; original; no_gci; 1; 179; 263; 33940.499999999985; ((37, 58, 44), 21); 4.994944902136922e-08; 1; 1; 0; 179; 1
pglib_opf_case179_goc; original; no_gci; 1; 179; 263; 33940.499999999985; ((46, 44, 53), 21); 4.994944902136922e-08; 1; 1; 0; 179; 1
pglib_opf_case179_goc; original; no_gci; 1; 179; 263; 33940.499999999985; ((46, 53, 54), 102); 4.994944902136922e-08; 1; 1; 0; 179; 1
pglib_opf_case179_goc; original; no_gci; 1; 179; 263; 33940.499999999985; ((46, 53, 55), 102); 4.994944902136922e-08; 1; 1; 0; 179; 1
pglib_opf_case179_goc; original; no_gci; 1; 179; 263; 33940.499999999985; ((46, 57, 56), 117); 4.994944902136922e-08; 1; 1; 0; 179; 1
pglib_opf_case179_goc; original; no_gci; 1; 179; 263; 33940.499999999985; ((46, 57, 57), 117); 4.994944902136922e-08; 1; 1; 0; 179; 1
pglib_opf_case179_goc; original; no_gci; 1; 179; 263; 33940.499999999985; ((46, 57, 58), 116); 4.994944902136922e-08; 1; 1; 0; 179; 1
pglib_opf_case179_goc; original; no_gci; 1; 179; 263; 33940.499999999985; ((46, 57, 59), 116); 4.994944902136922e-08; 1; 1; 0; 179; 1
pglib_opf_case179_goc; original; no_gci; 1; 179; 263; 33940.499999999985; ((46, 58, 60), 86); 4.994944902136922e-08; 1; 1; 0; 179; 1
pglib_opf_case179_goc; original; no_gci; 1; 179; 263; 33940.499999999985; ((46, 58, 61), 86); 4.994944902136922e-08; 1; 1; 0; 179; 1
pglib_opf_case179_goc; original; no_gci; 1; 179; 263; 33940.499999999985; ((46, 58, 62), 86); 4.994944902136922e-08; 1; 1; 0; 179; 1
pglib_opf_case179_goc; original; no_gci; 1; 179; 263; 33940.499999999985; ((46, 60, 63), 83); 4.994944902136922e-08; 1; 1; 0; 179; 1
pglib_opf_case179_goc; original; no_gci; 1; 179; 263; 33940.499999999985; ((46, 60, 64), 83); 4.994944902136922e-08; 1; 1; 0; 179; 1
pglib_opf_case179_goc; original; no_gci; 1; 179; 263; 33940.499999999985; ((46, 45, 228), 18); 2176.423732524563; 4; 8; 0; 179; 5
pglib_opf_case179_goc; original; no_gci; 1; 179; 263; 33940.499999999985; ((58, 59, 234), 1181); 4.997127689421177e-08; 2; 2; 0; 179; 1
pglib_opf_case179_goc; original; no_gci; 1; 179; 263; 33940.499999999985; ((53, 39, 45), 115); 4.994944902136922e-08; 1; 1; 0; 179; 1
pglib_opf_case179_goc; original; no_gci; 1; 179; 263; 33940.499999999985; ((53, 56, 74), 86); 4.994944902136922e-08; 1; 1; 0; 179; 1
pglib_opf_case179_goc; original; no_gci; 1; 179; 263; 33940.499999999985; ((53, 56, 75), 86); 4.994944902136922e-08; 1; 1; 0; 179; 1
pglib_opf_case179_goc; original; no_gci; 1; 179; 263; 33940.499999999985; ((39, 56, 46), 45); 4.994944902136922e-08; 1; 1; 0; 179; 1
pglib_opf_case179_goc; original; no_gci; 1; 179; 263; 33940.499999999985; ((48, 40, 47), 25); 4.994944902136922e-08; 1; 1; 0; 179; 1
pglib_opf_case179_goc; original; no_gci; 1; 179; 263; 33940.499999999985; ((48, 40, 48), 23); 4.994944902136922e-08; 1; 1; 0; 179; 1
pglib_opf_case179_goc; original; no_gci; 1; 179; 263; 33940.499999999985; ((48, 55, 66), 13); 4.994944902136922e-08; 1; 1; 0; 179; 1
pglib_opf_case179_goc; original; no_gci; 1; 179; 263; 33940.499999999985; ((48, 56, 67), 112); 4.994944902136922e-08; 1; 1; 0; 179; 1
pglib_opf_case179_goc; original; no_gci; 1; 179; 263; 33940.499999999985; ((40, 56, 50), 4); 4.994944902136922e-08; 1; 1; 0; 179; 1
pglib_opf_case179_goc; original; no_gci; 1; 179; 263; 33940.499999999985; ((40, 41, 226), 78); 2271.4944196147335; 4; 8; 0; 179; 5
pglib_opf_case179_goc; original; no_gci; 1; 179; 263; 33940.499999999985; ((55, 40, 49), 26); 4.994944902136922e-08; 1; 1; 0; 179; 1
pglib_opf_case179_goc; original; no_gci; 1; 179; 263; 33940.499999999985; ((55, 52, 72), 1); 4.994944902136922e-08; 1; 1; 0; 179; 1
pglib_opf_case179_goc; original; no_gci; 1; 179; 263; 33940.499999999985; ((55, 52, 73), 1); 4.994944902136922e-08; 1; 1; 0; 179; 1
pglib_opf_case179_goc; original; no_gci; 1; 179; 263; 33940.499999999985; ((55, 56, 77), 51); 4.994944902136922e-08; 1; 1; 0; 179; 1
pglib_opf_case179_goc; original; no_gci; 1; 179; 263; 33940.499999999985; ((42, 158, 51), 329); 4.994944902136922e-08; 1; 1; 0; 179; 1
pglib_opf_case179_goc; original; no_gci; 1; 179; 263; 33940.499999999985; ((42, 158, 52), 329); 4.994944902136922e-08; 1; 1; 0; 179; 1
pglib_opf_case179_goc; original; no_gci; 1; 179; 263; 33940.499999999985; ((42, 43, 227), 440); 2489.5931868393855; 4; 8; 0; 179; 5
pglib_opf_case179_goc; original; no_gci; 1; 179; 263; 33940.499999999985; ((60, 53, 76), 70); 4.994944902136922e-08; 1; 1; 0; 179; 1
pglib_opf_case179_goc; original; no_gci; 1; 179; 263; 33940.499999999985; ((47, 46, 229), 263); 4.997127689421177e-08; 2; 2; 0; 179; 1
pglib_opf_case179_goc; original; no_gci; 1; 179; 263; 33940.499999999985; ((52, 49, 68), 36); 4.994944902136922e-08; 1; 1; 0; 179; 1
pglib_opf_case179_goc; original; no_gci; 1; 179; 263; 33940.499999999985; ((52, 49, 69), 36); 4.994944902136922e-08; 1; 1; 0; 179; 1
pglib_opf_case179_goc; original; no_gci; 1; 179; 263; 33940.499999999985; ((50, 61, 70), 94); 4.994944902136922e-08; 1; 1; 0; 179; 1
pglib_opf_case179_goc; original; no_gci; 1; 179; 263; 33940.499999999985; ((50, 49, 230), 94); 4.994944902136922e-08; 1; 1; 0; 179; 1
pglib_opf_case179_goc; original; no_gci; 1; 179; 263; 33940.499999999985; ((51, 61, 71), 94); 4.994944902136922e-08; 1; 1; 0; 179; 1
pglib_opf_case179_goc; original; no_gci; 1; 179; 263; 33940.499999999985; ((51, 49, 231), 94); 4.994944902136922e-08; 1; 1; 0; 179; 1
pglib_opf_case179_goc; original; no_gci; 1; 179; 263; 33940.499999999985; ((135, 59, 78), 339); 4.997127689421177e-08; 2; 2; 0; 179; 1
pglib_opf_case179_goc; original; no_gci; 1; 179; 263; 33940.499999999985; ((135, 141, 173), 316); 4.997127689421177e-08; 2; 2; 0; 179; 1
pglib_opf_case179_goc; original; no_gci; 1; 179; 263; 33940.499999999985; ((135, 148, 174), 72); 4.994944902136922e-08; 1; 1; 0; 179; 1
pglib_opf_case179_goc; original; no_gci; 1; 179; 263; 33940.499999999985; ((148, 59, 79), 328); 4.997127689421177e-08; 2; 2; 0; 179; 1
pglib_opf_case179_goc; original; no_gci; 1; 179; 263; 33940.499999999985; ((148, 59, 80), 328); 4.997127689421177e-08; 2; 2; 0; 179; 1
pglib_opf_case179_goc; original; no_gci; 1; 179; 263; 33940.499999999985; ((148, 152, 188), 56); 4.994944902136922e-08; 1; 1; 0; 179; 1
pglib_opf_case179_goc; original; no_gci; 1; 179; 263; 33940.499999999985; ((148, 152, 189), 60); 4.994944902136922e-08; 1; 1; 0; 179; 1
pglib_opf_case179_goc; original; no_gci; 1; 179; 263; 33940.499999999985; ((140, 62, 83), 737); 8172.430679614867; 8; 53; 0; 156; 27
pglib_opf_case179_goc; original; no_gci; 1; 179; 263; 33940.499999999985; ((140, 143, 178), 579); 2147.5238025239705; 4; 8; 0; 179; 4
pglib_opf_case179_goc; original; no_gci; 1; 179; 263; 33940.499999999985; ((140, 143, 179), 582); 2147.5238025239705; 4; 8; 0; 179; 4
pglib_opf_case179_goc; original; no_gci; 1; 179; 263; 33940.499999999985; ((140, 145, 180), 1032); 4.994944902136922e-08; 1; 1; 0; 179; 1
pglib_opf_case179_goc; original; no_gci; 1; 179; 263; 33940.499999999985; ((140, 149, 181), 284); 2147.5238025239705; 4; 8; 0; 179; 4
pglib_opf_case179_goc; original; no_gci; 1; 179; 263; 33940.499999999985; ((140, 151, 182), 402); 4.994944902136922e-08; 1; 1; 0; 179; 1
pglib_opf_case179_goc; original; no_gci; 1; 179; 263; 33940.499999999985; ((140, 151, 183), 402); 4.994944902136922e-08; 1; 1; 0; 179; 1
pglib_opf_case179_goc; original; no_gci; 1; 179; 263; 33940.499999999985; ((76, 64, 84), 416); 1903.0318327290443; 3; 5; 0; 179; 4
pglib_opf_case179_goc; original; no_gci; 1; 179; 263; 33940.499999999985; ((76, 72, 92), 0); 4.994944902136922e-08; 1; 1; 0; 178; 2
pglib_opf_case179_goc; original; no_gci; 1; 179; 263; 33940.499999999985; ((76, 74, 95), 484); 4.994944902136922e-08; 1; 1; 0; 179; 1
pglib_opf_case179_goc; original; no_gci; 1; 179; 263; 33940.499999999985; ((76, 74, 96), 560); 4.994944902136922e-08; 1; 1; 0; 179; 1
pglib_opf_case179_goc; original; no_gci; 1; 179; 263; 33940.499999999985; ((64, 63, 236), 359); 2596.5725138743546; 4; 6; 0; 178; 5
pglib_opf_case179_goc; original; no_gci; 1; 179; 263; 33940.499999999985; ((66, 69, 85), 222); 4.994944902136922e-08; 1; 1; 0; 179; 1
pglib_opf_case179_goc; original; no_gci; 1; 179; 263; 33940.499999999985; ((66, 69, 86), 250); 4.994944902136922e-08; 1; 1; 0; 179; 1
pglib_opf_case179_goc; original; no_gci; 1; 179; 263; 33940.499999999985; ((66, 65, 237), 79); 1567.4820504245763; 3; 4; 0; 178; 4
pglib_opf_case179_goc; original; no_gci; 1; 179; 263; 33940.499999999985; ((66, 68, 240), 50); 50.30000004996691; 1; 1; 0; 179; 2
pglib_opf_case179_goc; original; no_gci; 1; 179; 263; 33940.499999999985; ((67, 70, 87), 507); 4.994944902136922e-08; 1; 1; 0; 179; 1
pglib_opf_case179_goc; original; no_gci; 1; 179; 263; 33940.499999999985; ((67, 70, 88), 507); 4.994944902136922e-08; 1; 1; 0; 179; 1
pglib_opf_case179_goc; original; no_gci; 1; 179; 263; 33940.499999999985; ((67, 74, 89), 724); 4.994944902136922e-08; 1; 1; 0; 179; 1
pglib_opf_case179_goc; original; no_gci; 1; 179; 263; 33940.499999999985; ((67, 74, 90), 732); 4.994944902136922e-08; 1; 1; 0; 179; 1
pglib_opf_case179_goc; original; no_gci; 1; 179; 263; 33940.499999999985; ((67, 66, 238), 178); 4.994944902136922e-08; 1; 1; 0; 179; 1
pglib_opf_case179_goc; original; no_gci; 1; 179; 263; 33940.499999999985; ((67, 66, 239), 286); 4.994944902136922e-08; 1; 1; 0; 179; 1
pglib_opf_case179_goc; original; no_gci; 1; 179; 263; 33940.499999999985; ((70, 69, 241), 1014); 4947.668374950015; 6; 11; 0; 178; 6
pglib_opf_case179_goc; original; no_gci; 1; 179; 263; 33940.499999999985; ((74, 75, 242), 3587); 4930.632727538919; 3; 10; 0; 177; 7
pglib_opf_case179_goc; original; no_gci; 1; 179; 263; 33940.499999999985; ((73, 71, 91), 782); 781.9100000499748; 2; 2; 0; 178; 2
pglib_opf_case179_goc; original; no_gci; 1; 179; 263; 33940.499999999985; ((73, 74, 93), 22); 4.994944902136922e-08; 1; 1; 0; 179; 1
pglib_opf_case179_goc; original; no_gci; 1; 179; 263; 33940.499999999985; ((73, 76, 94), 464); 4.994944902136922e-08; 1; 1; 0; 179; 1
pglib_opf_case179_goc; original; no_gci; 1; 179; 263; 33940.499999999985; ((80, 74, 97), 727); 4.994944902136922e-08; 1; 1; 0; 179; 1
pglib_opf_case179_goc; original; no_gci; 1; 179; 263; 33940.499999999985; ((80, 74, 98), 426); 4.994944902136922e-08; 1; 1; 0; 179; 1
pglib_opf_case179_goc; original; no_gci; 1; 179; 263; 33940.499999999985; ((80, 74, 99), 426); 4.994944902136922e-08; 1; 1; 0; 179; 1
pglib_opf_case179_goc; original; no_gci; 1; 179; 263; 33940.499999999985; ((80, 85, 104), 556); 4.994944902136922e-08; 1; 1; 0; 179; 1
pglib_opf_case179_goc; original; no_gci; 1; 179; 263; 33940.499999999985; ((80, 89, 105), 523); 2147.5238025239705; 4; 9; 0; 179; 4
pglib_opf_case179_goc; original; no_gci; 1; 179; 263; 33940.499999999985; ((80, 93, 106), 530); 2147.5238025239705; 4; 9; 0; 179; 4
pglib_opf_case179_goc; original; no_gci; 1; 179; 263; 33940.499999999985; ((79, 97, 102), 181); 824.7991864256037; 2; 5; 0; 179; 3
pglib_opf_case179_goc; original; no_gci; 1; 179; 263; 33940.499999999985; ((79, 178, 103), 181); 824.7991864256037; 2; 5; 0; 179; 3
pglib_opf_case179_goc; original; no_gci; 1; 179; 263; 33940.499999999985; ((97, 82, 113), 181); 824.7991864256037; 2; 5; 0; 179; 3
pglib_opf_case179_goc; original; no_gci; 1; 179; 263; 33940.499999999985; ((178, 84, 117), 181); 824.7991864256037; 2; 5; 0; 179; 3
pglib_opf_case179_goc; original; no_gci; 1; 179; 263; 33940.499999999985; ((85, 86, 118), 556); 4.994944902136922e-08; 1; 1; 0; 179; 1
pglib_opf_case179_goc; original; no_gci; 1; 179; 263; 33940.499999999985; ((89, 90, 120), 523); 2147.5238025239705; 4; 9; 0; 179; 4
pglib_opf_case179_goc; original; no_gci; 1; 179; 263; 33940.499999999985; ((93, 94, 123), 530); 2147.5238025239705; 4; 9; 0; 179; 4
pglib_opf_case179_goc; original; no_gci; 1; 179; 263; 33940.499999999985; ((81, 87, 107), 738); 1685.8837890245923; 3; 9; 0; 179; 4
pglib_opf_case179_goc; original; no_gci; 1; 179; 263; 33940.499999999985; ((81, 166, 110), 735); 3773.490122228737; 6; 13; 0; 179; 7
pglib_opf_case179_goc; original; no_gci; 1; 179; 263; 33940.499999999985; ((81, 168, 111), 685); 3773.490122228737; 6; 13; 0; 179; 7
pglib_opf_case179_goc; original; no_gci; 1; 179; 263; 33940.499999999985; ((81, 170, 112), 557); 1685.8837890245923; 3; 12; 0; 179; 4
pglib_opf_case179_goc; original; no_gci; 1; 179; 263; 33940.499999999985; ((87, 88, 119), 738); 1685.8837890245923; 3; 9; 0; 179; 4
pglib_opf_case179_goc; original; no_gci; 1; 179; 263; 33940.499999999985; ((92, 81, 108), 523); 2147.5238025239705; 4; 9; 0; 179; 4
pglib_opf_case179_goc; original; no_gci; 1; 179; 263; 33940.499999999985; ((96, 81, 109), 530); 2147.5238025239705; 4; 9; 0; 179; 4
pglib_opf_case179_goc; original; no_gci; 1; 179; 263; 33940.499999999985; ((166, 167, 211), 735); 3773.490122228737; 6; 13; 0; 179; 7
pglib_opf_case179_goc; original; no_gci; 1; 179; 263; 33940.499999999985; ((168, 169, 212), 685); 3773.490122228737; 6; 13; 0; 179; 7
pglib_opf_case179_goc; original; no_gci; 1; 179; 263; 33940.499999999985; ((170, 171, 213), 557); 1685.8837890245923; 3; 12; 0; 179; 4
pglib_opf_case179_goc; original; no_gci; 1; 179; 263; 33940.499999999985; ((82, 83, 244), 181); 824.7991864256037; 2; 5; 0; 179; 3
pglib_opf_case179_goc; original; no_gci; 1; 179; 263; 33940.499999999985; ((154, 83, 114), 475); 1755.0058670458966; 4; 6; 0; 179; 3
pglib_opf_case179_goc; original; no_gci; 1; 179; 263; 33940.499999999985; ((154, 153, 194), 163); 4.994944902136922e-08; 1; 1; 0; 179; 1
pglib_opf_case179_goc; original; no_gci; 1; 179; 263; 33940.499999999985; ((154, 155, 201), 101); 1758.3741639457876; 3; 6; 0; 179; 4
pglib_opf_case179_goc; original; no_gci; 1; 179; 263; 33940.499999999985; ((154, 165, 202), 194); 4.994944902136922e-08; 1; 1; 0; 179; 1
pglib_opf_case179_goc; original; no_gci; 1; 179; 263; 33940.499999999985; ((86, 84, 115), 556); 4.994944902136922e-08; 1; 1; 0; 179; 1
pglib_opf_case179_goc; original; no_gci; 1; 179; 263; 33940.499999999985; ((88, 84, 116), 738); 1685.8837890245923; 3; 9; 0; 179; 4
pglib_opf_case179_goc; original; no_gci; 1; 179; 263; 33940.499999999985; ((90, 91, 121), 523); 2147.5238025239705; 4; 9; 0; 179; 4
pglib_opf_case179_goc; original; no_gci; 1; 179; 263; 33940.499999999985; ((91, 92, 122), 523); 2147.5238025239705; 4; 9; 0; 179; 4
pglib_opf_case179_goc; original; no_gci; 1; 179; 263; 33940.499999999985; ((94, 95, 124), 530); 2147.5238025239705; 4; 9; 0; 179; 4
pglib_opf_case179_goc; original; no_gci; 1; 179; 263; 33940.499999999985; ((95, 96, 125), 530); 2147.5238025239705; 4; 9; 0; 179; 4
pglib_opf_case179_goc; original; no_gci; 1; 179; 263; 33940.499999999985; ((99, 98, 126), 97); 2147.5238025239705; 4; 9; 0; 179; 4
pglib_opf_case179_goc; original; no_gci; 1; 179; 263; 33940.499999999985; ((99, 103, 128), 105); 2147.5238025239705; 4; 8; 0; 179; 4
pglib_opf_case179_goc; original; no_gci; 1; 179; 263; 33940.499999999985; ((99, 104, 129), 105); 2147.5238025239705; 4; 9; 0; 179; 4
pglib_opf_case179_goc; original; no_gci; 1; 179; 263; 33940.499999999985; ((99, 111, 130), 171); 2147.5238025239705; 4; 8; 0; 179; 4
pglib_opf_case179_goc; original; no_gci; 1; 179; 263; 33940.499999999985; ((99, 111, 131), 175); 2147.5238025239705; 4; 8; 0; 179; 4
pglib_opf_case179_goc; original; no_gci; 1; 179; 263; 33940.499999999985; ((99, 111, 132), 172); 2147.5238025239705; 4; 8; 0; 179; 4
pglib_opf_case179_goc; original; no_gci; 1; 179; 263; 33940.499999999985; ((99, 115, 133), 103); 2147.5238025239705; 4; 7; 0; 179; 4
pglib_opf_case179_goc; original; no_gci; 1; 179; 263; 33940.499999999985; ((98, 115, 127), 117); 2147.5238025239705; 4; 9; 0; 179; 4
pglib_opf_case179_goc; original; no_gci; 1; 179; 263; 33940.499999999985; ((115, 117, 251), 235); 2147.5238025239705; 4; 8; 0; 179; 4
pglib_opf_case179_goc; original; no_gci; 1; 179; 263; 33940.499999999985; ((103, 115, 140), 91); 2147.5238025239705; 4; 8; 0; 179; 4
pglib_opf_case179_goc; original; no_gci; 1; 179; 263; 33940.499999999985; ((104, 115, 141), 101); 2147.5238025239705; 4; 9; 0; 179; 4
pglib_opf_case179_goc; original; no_gci; 1; 179; 263; 33940.499999999985; ((111, 112, 249), 239); 2147.5238025239705; 4; 8; 0; 179; 4
pglib_opf_case179_goc; original; no_gci; 1; 179; 263; 33940.499999999985; ((102, 100, 134), 101); 2147.5238025239705; 4; 8; 0; 179; 4
pglib_opf_case179_goc; original; no_gci; 1; 179; 263; 33940.499999999985; ((102, 133, 139), 131); 2147.5238025239705; 4; 8; 0; 179; 4
pglib_opf_case179_goc; original; no_gci; 1; 179; 263; 33940.499999999985; ((100, 106, 135), 69); 4.994944902136922e-08; 1; 1; 0; 179; 1
pglib_opf_case179_goc; original; no_gci; 1; 179; 263; 33940.499999999985; ((100, 106, 136), 69); 4.994944902136922e-08; 1; 1; 0; 179; 1
pglib_opf_case179_goc; original; no_gci; 1; 179; 263; 33940.499999999985; ((100, 101, 245), 61); 1837.4416643536388; 4; 9; 0; 179; 5
pglib_opf_case179_goc; original; no_gci; 1; 179; 263; 33940.499999999985; ((106, 172, 146), 69); 2147.5238025239705; 4; 8; 0; 179; 4
pglib_opf_case179_goc; original; no_gci; 1; 179; 263; 33940.499999999985; ((106, 174, 147), 68); 2147.5238025239705; 4; 8; 0; 179; 4
pglib_opf_case179_goc; original; no_gci; 1; 179; 263; 33940.499999999985; ((106, 176, 148), 72); 2147.5238025239705; 4; 8; 0; 179; 4
pglib_opf_case179_goc; original; no_gci; 1; 179; 263; 33940.499999999985; ((105, 102, 137), 162); 2147.5238025239705; 4; 8; 0; 179; 4
pglib_opf_case179_goc; original; no_gci; 1; 179; 263; 33940.499999999985; ((105, 106, 142), 12); 4.994944902136922e-08; 1; 1; 0; 179; 1
pglib_opf_case179_goc; original; no_gci; 1; 179; 263; 33940.499999999985; ((132, 102, 138), 562); 2035.8590095343607; 3; 7; 0; 179; 4
pglib_opf_case179_goc; original; no_gci; 1; 179; 263; 33940.499999999985; ((133, 106, 145), 131); 2147.5238025239705; 4; 8; 0; 179; 4
pglib_opf_case179_goc; original; no_gci; 1; 179; 263; 33940.499999999985; ((108, 105, 143), 19); 19.34999999999127; 1; 1; 0; 178; 2
pglib_opf_case179_goc; original; no_gci; 1; 179; 263; 33940.499999999985; ((131, 106, 144), 385); 2035.8590095343607; 3; 7; 0; 179; 4
pglib_opf_case179_goc; original; no_gci; 1; 179; 263; 33940.499999999985; ((172, 173, 214), 69); 2147.5238025239705; 4; 8; 0; 179; 4
pglib_opf_case179_goc; original; no_gci; 1; 179; 263; 33940.499999999985; ((174, 175, 215), 68); 2147.5238025239705; 4; 8; 0; 179; 4
pglib_opf_case179_goc; original; no_gci; 1; 179; 263; 33940.499999999985; ((176, 177, 216), 72); 2147.5238025239705; 4; 8; 0; 179; 4
pglib_opf_case179_goc; original; no_gci; 1; 179; 263; 33940.499999999985; ((109, 118, 149), 656); 1685.8837890245923; 3; 12; 0; 179; 4
pglib_opf_case179_goc; original; no_gci; 1; 179; 263; 33940.499999999985; ((118, 119, 164), 656); 1685.8837890245923; 3; 12; 0; 179; 4
pglib_opf_case179_goc; original; no_gci; 1; 179; 263; 33940.499999999985; ((171, 109, 150), 557); 1685.8837890245923; 3; 12; 0; 179; 4
pglib_opf_case179_goc; original; no_gci; 1; 179; 263; 33940.499999999985; ((112, 122, 151), 591); 1685.8837890245923; 3; 10; 0; 179; 4
pglib_opf_case179_goc; original; no_gci; 1; 179; 263; 33940.499999999985; ((112, 124, 152), 591); 1685.8837890245923; 3; 10; 0; 179; 4
pglib_opf_case179_goc; original; no_gci; 1; 179; 263; 33940.499999999985; ((122, 123, 167), 591); 1685.8837890245923; 3; 10; 0; 179; 4
pglib_opf_case179_goc; original; no_gci; 1; 179; 263; 33940.499999999985; ((124, 125, 168), 591); 1685.8837890245923; 3; 10; 0; 179; 4
pglib_opf_case179_goc; original; no_gci; 1; 179; 263; 33940.499999999985; ((167, 112, 153), 735); 3773.490122228737; 6; 13; 0; 179; 7
pglib_opf_case179_goc; original; no_gci; 1; 179; 263; 33940.499999999985; ((169, 112, 154), 685); 3773.490122228737; 6; 13; 0; 179; 7
pglib_opf_case179_goc; original; no_gci; 1; 179; 263; 33940.499999999985; ((123, 113, 155), 591); 1685.8837890245923; 3; 10; 0; 179; 4
pglib_opf_case179_goc; original; no_gci; 1; 179; 263; 33940.499999999985; ((113, 126, 157), 426); 2147.5238025239705; 4; 9; 0; 179; 4
pglib_opf_case179_goc; original; no_gci; 1; 179; 263; 33940.499999999985; ((113, 128, 158), 756); 3876.7649849189947; 5; 16; 0; 179; 7
pglib_opf_case179_goc; original; no_gci; 1; 179; 263; 33940.499999999985; ((125, 113, 156), 591); 1685.8837890245923; 3; 10; 0; 179; 4
pglib_opf_case179_goc; original; no_gci; 1; 179; 263; 33940.499999999985; ((126, 127, 169), 426); 2147.5238025239705; 4; 9; 0; 179; 4
pglib_opf_case179_goc; original; no_gci; 1; 179; 263; 33940.499999999985; ((128, 129, 170), 756); 3876.7649849189947; 5; 16; 0; 179; 7
pglib_opf_case179_goc; original; no_gci; 1; 179; 263; 33940.499999999985; ((121, 117, 159), 656); 1685.8837890245923; 3; 12; 0; 179; 4
pglib_opf_case179_goc; original; no_gci; 1; 179; 263; 33940.499999999985; ((117, 130, 162), 385); 2035.8590095343607; 3; 7; 0; 179; 4
pglib_opf_case179_goc; original; no_gci; 1; 179; 263; 33940.499999999985; ((117, 132, 163), 562); 2035.8590095343607; 3; 7; 0; 179; 4
pglib_opf_case179_goc; original; no_gci; 1; 179; 263; 33940.499999999985; ((127, 117, 160), 426); 2147.5238025239705; 4; 9; 0; 179; 4
pglib_opf_case179_goc; original; no_gci; 1; 179; 263; 33940.499999999985; ((129, 117, 161), 756); 3876.7649849189947; 5; 16; 0; 179; 7
pglib_opf_case179_goc; original; no_gci; 1; 179; 263; 33940.499999999985; ((130, 131, 171), 385); 2035.8590095343607; 3; 7; 0; 179; 4
pglib_opf_case179_goc; original; no_gci; 1; 179; 263; 33940.499999999985; ((119, 120, 165), 656); 1685.8837890245923; 3; 12; 0; 179; 4
pglib_opf_case179_goc; original; no_gci; 1; 179; 263; 33940.499999999985; ((120, 121, 166), 656); 1685.8837890245923; 3; 12; 0; 179; 4
pglib_opf_case179_goc; original; no_gci; 1; 179; 263; 33940.499999999985; ((145, 137, 176), 1104); 5042.602817027277; 3; 10; 0; 179; 6
pglib_opf_case179_goc; original; no_gci; 1; 179; 263; 33940.499999999985; ((145, 146, 256), 2136); 5070.078701796308; 2; 8; 0; 179; 5
pglib_opf_case179_goc; original; no_gci; 1; 179; 263; 33940.499999999985; ((139, 141, 177), 859); 859.2099999999919; 1; 1; 0; 179; 2
pglib_opf_case179_goc; original; no_gci; 1; 179; 263; 33940.499999999985; ((143, 144, 186), 331); 4.994944902136922e-08; 1; 1; 0; 179; 1
pglib_opf_case179_goc; original; no_gci; 1; 179; 263; 33940.499999999985; ((143, 149, 187), 159); 4.997127689421177e-08; 2; 2; 0; 179; 1
pglib_opf_case179_goc; original; no_gci; 1; 179; 263; 33940.499999999985; ((149, 150, 190), 433); 4.997127689421177e-08; 2; 2; 0; 179; 1
pglib_opf_case179_goc; original; no_gci; 1; 179; 263; 33940.499999999985; ((151, 152, 258), 338); 4.994944902136922e-08; 1; 1; 0; 179; 1
pglib_opf_case179_goc; original; no_gci; 1; 179; 263; 33940.499999999985; ((151, 152, 259), 338); 4.994944902136922e-08; 1; 1; 0; 179; 1
pglib_opf_case179_goc; original; no_gci; 1; 179; 263; 33940.499999999985; ((151, 152, 260), 338); 4.994944902136922e-08; 1; 1; 0; 179; 1
pglib_opf_case179_goc; original; no_gci; 1; 179; 263; 33940.499999999985; ((144, 141, 184), 331); 4.994944902136922e-08; 1; 1; 0; 179; 1
pglib_opf_case179_goc; original; no_gci; 1; 179; 263; 33940.499999999985; ((152, 141, 185), 386); 2147.5238025239705; 4; 8; 0; 179; 4
pglib_opf_case179_goc; original; no_gci; 1; 179; 263; 33940.499999999985; ((173, 151, 191), 69); 2147.5238025239705; 4; 8; 0; 179; 4
pglib_opf_case179_goc; original; no_gci; 1; 179; 263; 33940.499999999985; ((175, 151, 192), 68); 2147.5238025239705; 4; 8; 0; 179; 4
pglib_opf_case179_goc; original; no_gci; 1; 179; 263; 33940.499999999985; ((177, 151, 193), 72); 2147.5238025239705; 4; 8; 0; 179; 4
pglib_opf_case179_goc; original; no_gci; 1; 179; 263; 33940.499999999985; ((153, 156, 195), 129); 1755.0058670459111; 5; 7; 0; 179; 3
pglib_opf_case179_goc; original; no_gci; 1; 179; 263; 33940.499999999985; ((153, 156, 196), 145); 1755.0058670459111; 5; 7; 0; 179; 3
pglib_opf_case179_goc; original; no_gci; 1; 179; 263; 33940.499999999985; ((153, 158, 197), 212); 4.994944902136922e-08; 1; 1; 0; 179; 1
pglib_opf_case179_goc; original; no_gci; 1; 179; 263; 33940.499999999985; ((153, 158, 198), 200); 4.994944902136922e-08; 1; 1; 0; 179; 1
pglib_opf_case179_goc; original; no_gci; 1; 179; 263; 33940.499999999985; ((153, 163, 199), 87); 1755.0058670459111; 5; 7; 0; 179; 3
pglib_opf_case179_goc; original; no_gci; 1; 179; 263; 33940.499999999985; ((153, 165, 200), 98); 4.994944902136922e-08; 1; 1; 0; 179; 1
pglib_opf_case179_goc; original; no_gci; 1; 179; 263; 33940.499999999985; ((156, 162, 204), 352); 2176.2183534629658; 5; 7; 0; 179; 4
pglib_opf_case179_goc; original; no_gci; 1; 179; 263; 33940.499999999985; ((156, 163, 205), 160); 1755.0058670459111; 5; 7; 0; 179; 3
pglib_opf_case179_goc; original; no_gci; 1; 179; 263; 33940.499999999985; ((156, 164, 206), 216); 1755.0058670459111; 5; 7; 0; 179; 3
pglib_opf_case179_goc; original; no_gci; 1; 179; 263; 33940.499999999985; ((156, 164, 207), 217); 1755.0058670459111; 5; 7; 0; 179; 3
pglib_opf_case179_goc; original; no_gci; 1; 179; 263; 33940.499999999985; ((156, 157, 261), 1272); 3629.713001136599; 3; 9; 0; 179; 6
pglib_opf_case179_goc; original; no_gci; 1; 179; 263; 33940.499999999985; ((155, 159, 203), 22); 2114.264751304938; 5; 8; 0; 179; 5
pglib_opf_case179_goc; original; no_gci; 1; 179; 263; 33940.499999999985; ((159, 160, 262), 116); 1931.4538737594994; 5; 7; 0; 179; 4
pglib_opf_case179_goc; original; no_gci; 1; 179; 263; 33940.499999999985; ((162, 161, 210), 337); 2160.9921555013134; 5; 7; 0; 179; 4
pglib_opf_case179_goc; original; no_gci; 1; 179; 263; 33940.499999999985; ((107, 106, 246), 173); 4.994944902136922e-08; 1; 1; 0; 179; 1
pglib_opf_case179_goc; original; no_gci; 1; 179; 263; 33940.499999999985; ((107, 106, 247), 254); 4.994944902136922e-08; 1; 1; 0; 179; 1
pglib_opf_case179_goc; original; no_gci; 1; 179; 263; 33940.499999999985; ((110, 111, 248), 355); 1239.4980282065517; 4; 6; 0; 179; 4
pglib_opf_case179_goc; original; no_gci; 1; 179; 263; 33940.499999999985; ((114, 115, 250), 261); 2253.002164472673; 5; 9; 0; 179; 5
pglib_opf_case179_goc; original; no_gci; 1; 179; 263; 33940.499999999985; ((116, 117, 252), 1523); 2519.770360102222; 4; 10; 0; 179; 4
pglib_opf_case179_goc; original; no_gci; 1; 179; 263; 33940.499999999985; ((136, 137, 253), 266); 2131.909139294923; 3; 8; 0; 179; 5
pglib_opf_case179_goc; original; no_gci; 1; 179; 263; 33940.499999999985; ((138, 139, 254), 871); 3173.2330274657506; 3; 8; 0; 178; 5
pglib_opf_case179_goc; original; no_gci; 1; 179; 263; 33940.499999999985; ((142, 143, 255), 552); 2611.1908337498826; 3; 9; 0; 179; 5
pglib_opf_case179_goc; original; no_gci; 1; 179; 263; 33940.499999999985; ((147, 148, 257), 879); 3157.85476803824; 3; 10; 0; 179; 5
